,a1,a2,model_name,sample_size,rmse,mae,test_size,calculation_time
0,0.0,0.0,autorec,0.1,0.9977430311131592,0.7961367345069519,0.1,0 days 00:00:02.643319
1,0.0,0.0,autorec,0.2,1.0050280511625658,0.8081082054226271,0.1,0 days 00:00:03.031287
2,0.0,0.0,autorec,0.4,1.0552387452027039,0.8491744790660989,0.1,0 days 00:00:03.335199
3,0.0,0.0,autorec,0.6,1.0666181668700392,0.8620437878631287,0.1,0 days 00:00:03.889871
4,0.0,0.0,autorec,0.8,1.0142121438049478,0.7978306758865391,0.1,0 days 00:00:04.055182
5,0.0,0.0,autorec,1.0,1.0110838916468836,0.8156550299254247,0.1,0 days 00:00:05.586675
6,0.0,0.1,autorec,0.1,0.9305040456936106,0.7688892600536764,0.1,0 days 00:00:03.312760
7,0.0,0.1,autorec,0.2,0.9075342640132301,0.7428810875969795,0.1,0 days 00:00:04.277368
8,0.0,0.1,autorec,0.4,0.9032688470141145,0.7216501683595969,0.1,0 days 00:00:04.923815
9,0.0,0.1,autorec,0.6,0.9492390420255038,0.744264704893129,0.1,0 days 00:00:04.530249
10,0.0,0.1,autorec,0.8,0.9442075510888075,0.7634526432136793,0.1,0 days 00:00:05.067141
11,0.0,0.1,autorec,1.0,0.9149212916200921,0.7441124337788318,0.1,0 days 00:00:06.363228
12,0.0,0.2,autorec,0.1,0.8769056221011173,0.7042247873148004,0.1,0 days 00:00:04.238375
13,0.0,0.2,autorec,0.2,0.8073805456049196,0.6350033219050164,0.1,0 days 00:00:05.783595
14,0.0,0.2,autorec,0.4,0.7872599426855235,0.6358112318016675,0.1,0 days 00:00:04.298084
15,0.0,0.2,autorec,0.6,0.7947285082570537,0.624844461626683,0.1,0 days 00:00:07.320835
16,0.0,0.2,autorec,0.8,0.8041731353748485,0.648235416970599,0.1,0 days 00:00:05.025725
17,0.0,0.2,autorec,1.0,0.806410408797236,0.6352911159879878,0.1,0 days 00:00:06.098681
18,0.0,0.3,autorec,0.1,0.5915442525059487,0.49032000244218876,0.1,0 days 00:00:03.685158
19,0.0,0.3,autorec,0.2,0.7074307456258103,0.5547133768067293,0.1,0 days 00:00:03.967656
20,0.0,0.3,autorec,0.4,0.7076098702187011,0.5725129466874146,0.1,0 days 00:00:04.186311
21,0.0,0.3,autorec,0.6,0.744147855583737,0.5869794854721949,0.1,0 days 00:00:04.506521
22,0.0,0.3,autorec,0.8,0.7488621613794696,0.5934053817552659,0.1,0 days 00:00:05.060963
23,0.0,0.3,autorec,1.0,0.7161660473520622,0.5715226518299003,0.1,0 days 00:00:06.169901
24,0.0,0.4,autorec,0.1,0.6156602668827447,0.495083862726945,0.1,0 days 00:00:04.368556
25,0.0,0.4,autorec,0.2,0.6346848940308131,0.5130127113553513,0.1,0 days 00:00:05.683276
26,0.0,0.4,autorec,0.4,0.6067274415348769,0.47860287889072345,0.1,0 days 00:00:08.146049
27,0.0,0.4,autorec,0.6,0.6506987404858664,0.508200649913888,0.1,0 days 00:00:22.926589
28,0.0,0.4,autorec,0.8,0.6326301662097241,0.5035643833410967,0.1,0 days 00:00:30.804544
29,0.0,0.4,autorec,1.0,0.6381319795390687,0.5157938798582913,0.1,0 days 00:00:26.096568
30,0.0,0.5,autorec,0.1,0.5415592608688723,0.4621136790963879,0.1,0 days 00:00:13.107403
31,0.0,0.5,autorec,0.2,0.5631972787706824,0.45071613232647434,0.1,0 days 00:00:10.550189
32,0.0,0.5,autorec,0.4,0.5649708465026412,0.45216553787012176,0.1,0 days 00:00:14.256246
33,0.0,0.5,autorec,0.6,0.5982870561551308,0.4839975294663865,0.1,0 days 00:00:10.878246
34,0.0,0.5,autorec,0.8,0.5564901560578304,0.453414929591357,0.1,0 days 00:00:07.852469
35,0.0,0.5,autorec,1.0,0.5872477724721062,0.46755273630046223,0.1,0 days 00:00:08.472557
36,0.0,0.6,autorec,0.1,0.4263033174760246,0.34548128629975833,0.1,0 days 00:00:06.728315
37,0.0,0.6,autorec,0.2,0.5364369347004142,0.421971772389476,0.1,0 days 00:00:08.523304
38,0.0,0.6,autorec,0.4,0.52083159819129,0.4182482543908415,0.1,0 days 00:00:12.536742
39,0.0,0.6,autorec,0.6,0.476683783450985,0.38753309630651867,0.1,0 days 00:00:15.304234
40,0.0,0.6,autorec,0.8,0.4956945983312268,0.3927495983183665,0.1,0 days 00:00:19.742546
41,0.0,0.6,autorec,1.0,0.5292304589561011,0.4232613554840644,0.1,0 days 00:00:09.522267
42,0.0,0.7,autorec,0.1,0.4423369709757145,0.35841178172096894,0.1,0 days 00:00:06.751566
43,0.0,0.7,autorec,0.2,0.46007947440503594,0.38216614607882865,0.1,0 days 00:00:08.468952
44,0.0,0.7,autorec,0.4,0.4743524274187254,0.39840428564038227,0.1,0 days 00:00:08.045179
45,0.0,0.7,autorec,0.6,0.47760981433004696,0.3930220475163297,0.1,0 days 00:00:09.322554
46,0.0,0.7,autorec,0.8,0.48108455894321955,0.39603800469744593,0.1,0 days 00:00:10.706650
47,0.0,0.7,autorec,1.0,0.49826079207564755,0.415488962244859,0.1,0 days 00:00:14.535976
48,0.0,0.8,autorec,0.1,0.4281670399753983,0.3711357027574536,0.1,0 days 00:00:19.693894
49,0.0,0.8,autorec,0.2,0.4170093777418795,0.3683075314137637,0.1,0 days 00:00:15.047251
50,0.0,0.8,autorec,0.4,0.4752499074482653,0.4129617839530282,0.1,0 days 00:00:14.798787
51,0.0,0.8,autorec,0.6,0.43623479492330663,0.3853666546341945,0.1,0 days 00:00:14.336771
52,0.0,0.8,autorec,0.8,0.4660372710309953,0.4134057370559487,0.1,0 days 00:00:29.290330
53,0.0,0.8,autorec,1.0,0.4611392103012645,0.40599417989572173,0.1,0 days 00:00:27.597667
54,0.0,0.9,autorec,0.1,0.47906934670216794,0.45372955121096625,0.1,0 days 00:00:11.960418
55,0.0,0.9,autorec,0.2,0.4662007528818771,0.43857206578062347,0.1,0 days 00:00:10.508020
56,0.0,0.9,autorec,0.4,0.47372884205519455,0.4496283622392794,0.1,0 days 00:00:10.466611
57,0.0,0.9,autorec,0.6,0.5041804394371182,0.4792854391235944,0.1,0 days 00:00:12.350478
58,0.0,0.9,autorec,0.8,0.4688117885183929,0.44402315669676895,0.1,0 days 00:00:12.223398
59,0.0,0.9,autorec,1.0,0.47643604665889144,0.4549358113793661,0.1,0 days 00:00:12.099027
60,0.1,0.0,autorec,0.1,0.8831931125604643,0.6799326215910626,0.1,0 days 00:00:02.617724
61,0.1,0.0,autorec,0.2,0.9104063072892652,0.7432646215582069,0.1,0 days 00:00:02.997358
62,0.1,0.0,autorec,0.4,0.9489980096969158,0.7621812964967296,0.1,0 days 00:00:03.375640
63,0.1,0.0,autorec,0.6,0.9628451186485638,0.7752110298551443,0.1,0 days 00:00:03.831355
64,0.1,0.0,autorec,0.8,0.9095595667079746,0.7166175910701967,0.1,0 days 00:00:04.058077
65,0.1,0.0,autorec,1.0,0.920736267403602,0.7416136756606205,0.1,0 days 00:00:05.624321
66,0.1,0.1,autorec,0.1,0.833764204360302,0.6840396318271632,0.1,0 days 00:00:03.136292
67,0.1,0.1,autorec,0.2,0.8256918378322573,0.6735092223527444,0.1,0 days 00:00:04.189294
68,0.1,0.1,autorec,0.4,0.8109341709222796,0.6506351830824711,0.1,0 days 00:00:05.176498
69,0.1,0.1,autorec,0.6,0.8543964921889748,0.6698491369396473,0.1,0 days 00:00:04.538387
70,0.1,0.1,autorec,0.8,0.8423391283247543,0.6806677180244302,0.1,0 days 00:00:04.845442
71,0.1,0.1,autorec,1.0,0.8247280817176286,0.6670859794990719,0.1,0 days 00:00:06.163951
72,0.1,0.2,autorec,0.1,0.7885596721811956,0.6363325307418253,0.1,0 days 00:00:04.429701
73,0.1,0.2,autorec,0.2,0.7134979223419375,0.5692053004075673,0.1,0 days 00:00:05.865911
74,0.1,0.2,autorec,0.4,0.710985643334743,0.5738651180759754,0.1,0 days 00:00:04.595169
75,0.1,0.2,autorec,0.6,0.7184782990473666,0.5661800123915857,0.1,0 days 00:00:07.474423
76,0.1,0.2,autorec,0.8,0.7176169781761522,0.5763284536005338,0.1,0 days 00:00:04.811701
77,0.1,0.2,autorec,1.0,0.7318426340207457,0.5780220443127788,0.1,0 days 00:00:05.994261
78,0.1,0.3,autorec,0.1,0.563021442945148,0.47758442688545877,0.1,0 days 00:00:03.709553
79,0.1,0.3,autorec,0.2,0.6501561515472365,0.5220783937171152,0.1,0 days 00:00:03.903086
80,0.1,0.3,autorec,0.4,0.6296325785423336,0.5102187424774055,0.1,0 days 00:00:04.110307
81,0.1,0.3,autorec,0.6,0.6557739127792207,0.5196033234037898,0.1,0 days 00:00:04.591939
82,0.1,0.3,autorec,0.8,0.673316590633738,0.539103058546556,0.1,0 days 00:00:04.941880
83,0.1,0.3,autorec,1.0,0.6454552393408383,0.5135192722334017,0.1,0 days 00:00:06.111534
84,0.1,0.4,autorec,0.1,0.5754038946403965,0.45925982897552947,0.1,0 days 00:00:04.331705
85,0.1,0.4,autorec,0.2,0.5401919581118757,0.43618953615599243,0.1,0 days 00:00:05.646705
86,0.1,0.4,autorec,0.4,0.5553404194229569,0.4433042858745786,0.1,0 days 00:00:07.990130
87,0.1,0.4,autorec,0.6,0.6078056039888828,0.47501374297467436,0.1,0 days 00:00:22.642560
88,0.1,0.4,autorec,0.8,0.5843143868087793,0.4664020686996169,0.1,0 days 00:00:32.024672
89,0.1,0.4,autorec,1.0,0.5679850196480085,0.45738329867409533,0.1,0 days 00:00:26.098926
90,0.1,0.5,autorec,0.1,0.5062073008953832,0.41860351319782574,0.1,0 days 00:00:13.029221
91,0.1,0.5,autorec,0.2,0.5287485371519418,0.4325463422450872,0.1,0 days 00:00:10.441059
92,0.1,0.5,autorec,0.4,0.5148629574506487,0.41385561463768156,0.1,0 days 00:00:14.438433
93,0.1,0.5,autorec,0.6,0.5449098043860007,0.44734578333529573,0.1,0 days 00:00:10.662048
94,0.1,0.5,autorec,0.8,0.49470990835272355,0.40490467925525736,0.1,0 days 00:00:08.135344
95,0.1,0.5,autorec,1.0,0.5209844519302497,0.4230711623802112,0.1,0 days 00:00:08.292275
96,0.1,0.6,autorec,0.1,0.3988079096301132,0.3311745556317652,0.1,0 days 00:00:07.038409
97,0.1,0.6,autorec,0.2,0.5114063238708315,0.42850094500123076,0.1,0 days 00:00:08.717026
98,0.1,0.6,autorec,0.4,0.505289506530841,0.42313222604532824,0.1,0 days 00:00:12.122338
99,0.1,0.6,autorec,0.6,0.48088420083756667,0.39937493847199296,0.1,0 days 00:00:17.873843
100,0.1,0.6,autorec,0.8,0.4791854858314593,0.396775451952552,0.1,0 days 00:00:17.397546
101,0.1,0.6,autorec,1.0,0.5082980706834567,0.4198555014113096,0.1,0 days 00:00:09.247675
102,0.1,0.7,autorec,0.1,0.4913821692558157,0.44524798623541884,0.1,0 days 00:00:06.792954
103,0.1,0.7,autorec,0.2,0.48344409439484054,0.43199027967183573,0.1,0 days 00:00:08.487975
104,0.1,0.7,autorec,0.4,0.49464073958938787,0.43648546829990736,0.1,0 days 00:00:07.748240
105,0.1,0.7,autorec,0.6,0.500110993229168,0.44659329705969697,0.1,0 days 00:00:09.418712
106,0.1,0.7,autorec,0.8,0.4783708075318562,0.424344427324501,0.1,0 days 00:00:10.503232
107,0.1,0.7,autorec,1.0,0.5039280454963495,0.4539604471380121,0.1,0 days 00:00:14.339983
108,0.1,0.8,autorec,0.1,0.510209224229381,0.4863626977010339,0.1,0 days 00:00:19.590814
109,0.1,0.8,autorec,0.2,0.47873478189312824,0.4579743007554815,0.1,0 days 00:00:14.971199
110,0.1,0.8,autorec,0.4,0.5175632675188502,0.49577382352151467,0.1,0 days 00:00:14.939631
111,0.1,0.8,autorec,0.6,0.5131544407242096,0.4914736647006081,0.1,0 days 00:00:14.373857
112,0.1,0.8,autorec,0.8,0.48998751252502704,0.4648322185602516,0.1,0 days 00:00:28.950412
113,0.1,0.8,autorec,1.0,0.505950692511123,0.478065713792799,0.1,0 days 00:00:27.636062
114,0.2,0.0,autorec,0.1,0.807703663170262,0.6458034220719395,0.1,0 days 00:00:02.620896
115,0.2,0.0,autorec,0.2,0.8181044907854917,0.6628369372644076,0.1,0 days 00:00:03.079307
116,0.2,0.0,autorec,0.4,0.8661533756935687,0.6952738372542379,0.1,0 days 00:00:03.301283
117,0.2,0.0,autorec,0.6,0.8559754395944276,0.6906278314270612,0.1,0 days 00:00:03.883117
118,0.2,0.0,autorec,0.8,0.8293479598325912,0.6534719051893728,0.1,0 days 00:00:04.127918
119,0.2,0.0,autorec,1.0,0.8351578434480814,0.6755345865509722,0.1,0 days 00:00:05.769041
120,0.2,0.1,autorec,0.1,0.7620555822805335,0.6237326945721461,0.1,0 days 00:00:03.137679
121,0.2,0.1,autorec,0.2,0.7479062461249816,0.5921094671995091,0.1,0 days 00:00:04.323820
122,0.2,0.1,autorec,0.4,0.7355394139650435,0.5948183935662993,0.1,0 days 00:00:04.821954
123,0.2,0.1,autorec,0.6,0.7850628867886829,0.6212857312757906,0.1,0 days 00:00:04.444249
124,0.2,0.1,autorec,0.8,0.7563457536159645,0.6119029188068243,0.1,0 days 00:00:05.120656
125,0.2,0.1,autorec,1.0,0.7331614245284026,0.593295519910714,0.1,0 days 00:00:05.936515
126,0.2,0.2,autorec,0.1,0.7206786429719302,0.5719931905427857,0.1,0 days 00:00:04.383729
127,0.2,0.2,autorec,0.2,0.6553825899442044,0.5437679755358725,0.1,0 days 00:00:05.551164
128,0.2,0.2,autorec,0.4,0.6430919707739874,0.5216919201143123,0.1,0 days 00:00:04.939577
129,0.2,0.2,autorec,0.6,0.6557049759335943,0.5248249508321026,0.1,0 days 00:00:07.369324
130,0.2,0.2,autorec,0.8,0.6480316975979024,0.5237296288730389,0.1,0 days 00:00:04.931448
131,0.2,0.2,autorec,1.0,0.6709255970796146,0.5320698569917424,0.1,0 days 00:00:06.328222
132,0.2,0.3,autorec,0.1,0.5176572031286325,0.4374252120676897,0.1,0 days 00:00:03.674483
133,0.2,0.3,autorec,0.2,0.6069503456787566,0.4932914656937225,0.1,0 days 00:00:03.865474
134,0.2,0.3,autorec,0.4,0.5799392946268936,0.46865299710773783,0.1,0 days 00:00:04.293355
135,0.2,0.3,autorec,0.6,0.6110582162915416,0.49019615159744867,0.1,0 days 00:00:04.511219
136,0.2,0.3,autorec,0.8,0.6069762224769456,0.4884647539417232,0.1,0 days 00:00:04.860742
137,0.2,0.3,autorec,1.0,0.5851469759518286,0.46742461621731535,0.1,0 days 00:00:06.323136
138,0.2,0.4,autorec,0.1,0.519621669616044,0.43104100313899374,0.1,0 days 00:00:04.699129
139,0.2,0.4,autorec,0.2,0.5320445289963427,0.4278621302358715,0.1,0 days 00:00:05.517423
140,0.2,0.4,autorec,0.4,0.5328692065677373,0.4330609772070535,0.1,0 days 00:00:08.836725
141,0.2,0.4,autorec,0.6,0.5631279298474129,0.46215068257801545,0.1,0 days 00:00:25.430976
142,0.2,0.4,autorec,0.8,0.5493207541158995,0.44844025961054945,0.1,0 days 00:00:29.140949
143,0.2,0.4,autorec,1.0,0.5208989764035625,0.4222642069248419,0.1,0 days 00:00:25.237407
144,0.2,0.5,autorec,0.1,0.5017333067671803,0.42384676277550504,0.1,0 days 00:00:13.082556
145,0.2,0.5,autorec,0.2,0.5384227272327735,0.4584775097123434,0.1,0 days 00:00:10.057213
146,0.2,0.5,autorec,0.4,0.5089865058627523,0.42740246683774097,0.1,0 days 00:00:14.579267
147,0.2,0.5,autorec,0.6,0.511096099913571,0.4356179046017031,0.1,0 days 00:00:10.354460
148,0.2,0.5,autorec,0.8,0.4947968983377066,0.42072122900303754,0.1,0 days 00:00:08.032012
149,0.2,0.5,autorec,1.0,0.523037975898611,0.4473434556617765,0.1,0 days 00:00:08.125867
150,0.2,0.6,autorec,0.1,0.44020521961851383,0.3995172180222187,0.1,0 days 00:00:06.851757
151,0.2,0.6,autorec,0.2,0.5140509417602842,0.45640498581695205,0.1,0 days 00:00:08.682258
152,0.2,0.6,autorec,0.4,0.5236166977165024,0.4703928189056593,0.1,0 days 00:00:12.326988
153,0.2,0.6,autorec,0.6,0.49871213593048674,0.44587774979608374,0.1,0 days 00:00:16.940680
154,0.2,0.6,autorec,0.8,0.4853415637717213,0.43805014171798745,0.1,0 days 00:00:18.245397
155,0.2,0.6,autorec,1.0,0.5055556978680148,0.45437437969348743,0.1,0 days 00:00:09.271206
156,0.2,0.7,autorec,0.1,0.5555262148064831,0.5359870283171371,0.1,0 days 00:00:06.778423
157,0.2,0.7,autorec,0.2,0.5337974915681963,0.5076724106095292,0.1,0 days 00:00:08.463018
158,0.2,0.7,autorec,0.4,0.5108520762249593,0.48813968656313306,0.1,0 days 00:00:07.862288
159,0.2,0.7,autorec,0.6,0.5423232078033572,0.5198347140390877,0.1,0 days 00:00:09.139419
160,0.2,0.7,autorec,0.8,0.532604414042407,0.5097035663777971,0.1,0 days 00:00:10.713069
161,0.2,0.7,autorec,1.0,0.5119262537020449,0.49329825574308,0.1,0 days 00:00:14.348983
162,0.3,0.0,autorec,0.1,0.7163258971540712,0.571719934385384,0.1,0 days 00:00:02.579750
163,0.3,0.0,autorec,0.2,0.7380109667772113,0.5978571322155792,0.1,0 days 00:00:03.033811
164,0.3,0.0,autorec,0.4,0.772161721895389,0.6208569922142917,0.1,0 days 00:00:03.401991
165,0.3,0.0,autorec,0.6,0.7689645961649849,0.6222782606293636,0.1,0 days 00:00:03.818136
166,0.3,0.0,autorec,0.8,0.7387911460042035,0.5921072062830479,0.1,0 days 00:00:04.077910
167,0.3,0.0,autorec,1.0,0.7573281566597545,0.6076899889939373,0.1,0 days 00:00:05.576590
168,0.3,0.1,autorec,0.1,0.7002246420035155,0.5660724528568153,0.1,0 days 00:00:03.099566
169,0.3,0.1,autorec,0.2,0.6587974625132887,0.5256329904539422,0.1,0 days 00:00:04.455538
170,0.3,0.1,autorec,0.4,0.6611822371244735,0.5332070659155969,0.1,0 days 00:00:04.943398
171,0.3,0.1,autorec,0.6,0.7087314601223337,0.5691394181650519,0.1,0 days 00:00:04.578685
172,0.3,0.1,autorec,0.8,0.6915590645170976,0.5582808450334391,0.1,0 days 00:00:05.049765
173,0.3,0.1,autorec,1.0,0.6687760795527673,0.5411177224210357,0.1,0 days 00:00:06.235980
174,0.3,0.2,autorec,0.1,0.6725531627948219,0.5394459644148523,0.1,0 days 00:00:04.149482
175,0.3,0.2,autorec,0.2,0.5941541734967482,0.494566915023789,0.1,0 days 00:00:05.778766
176,0.3,0.2,autorec,0.4,0.594182049687098,0.4866046929232667,0.1,0 days 00:00:04.699456
177,0.3,0.2,autorec,0.6,0.6131483379007956,0.4986595958321773,0.1,0 days 00:00:07.341934
178,0.3,0.2,autorec,0.8,0.5963860026098952,0.48556665257266113,0.1,0 days 00:00:04.893111
179,0.3,0.2,autorec,1.0,0.5961592305443917,0.4797989297889771,0.1,0 days 00:00:06.045881
180,0.3,0.3,autorec,0.1,0.510639266960693,0.4225357558725438,0.1,0 days 00:00:03.649368
181,0.3,0.3,autorec,0.2,0.5549837528901366,0.46073941551045955,0.1,0 days 00:00:04.004958
182,0.3,0.3,autorec,0.4,0.5487334414115876,0.448122070668185,0.1,0 days 00:00:04.134934
183,0.3,0.3,autorec,0.6,0.5738949849123676,0.47209203235251274,0.1,0 days 00:00:04.408947
184,0.3,0.3,autorec,0.8,0.5671496867699285,0.46798446432508256,0.1,0 days 00:00:05.004535
185,0.3,0.3,autorec,1.0,0.5596224746770847,0.45593211838108544,0.1,0 days 00:00:06.039925
186,0.3,0.4,autorec,0.1,0.5349692303097793,0.4635205330905412,0.1,0 days 00:00:04.313883
187,0.3,0.4,autorec,0.2,0.5177467727292044,0.43383616691372573,0.1,0 days 00:00:05.718432
188,0.3,0.4,autorec,0.4,0.509415097055123,0.4355979672177616,0.1,0 days 00:00:08.039059
189,0.3,0.4,autorec,0.6,0.5649804681777766,0.48189334500243897,0.1,0 days 00:00:22.235429
190,0.3,0.4,autorec,0.8,0.5258668292515741,0.4459689488173637,0.1,0 days 00:00:32.070560
191,0.3,0.4,autorec,1.0,0.5381982620879934,0.458843699555349,0.1,0 days 00:00:26.343716
192,0.3,0.5,autorec,0.1,0.5248961514308748,0.481875390897167,0.1,0 days 00:00:13.055087
193,0.3,0.5,autorec,0.2,0.5568740376813366,0.5115041130755877,0.1,0 days 00:00:10.410781
194,0.3,0.5,autorec,0.4,0.5277955918416578,0.47933914739703737,0.1,0 days 00:00:14.163759
195,0.3,0.5,autorec,0.6,0.5485505277896277,0.49570328418420995,0.1,0 days 00:00:10.710584
196,0.3,0.5,autorec,0.8,0.5207670681655884,0.47505075261071034,0.1,0 days 00:00:07.731261
197,0.3,0.5,autorec,1.0,0.5470896620452422,0.5014500904209451,0.1,0 days 00:00:08.416565
198,0.3,0.6,autorec,0.1,0.49863514028674943,0.47589186935623146,0.1,0 days 00:00:06.414719
199,0.3,0.6,autorec,0.2,0.5368641109534973,0.5133243362188417,0.1,0 days 00:00:08.561642
200,0.3,0.6,autorec,0.4,0.5536070419302437,0.5333284297854489,0.1,0 days 00:00:12.564727
201,0.3,0.6,autorec,0.6,0.531200249823293,0.5080769259779224,0.1,0 days 00:00:15.232852
202,0.3,0.6,autorec,0.8,0.5290587168087995,0.5067376930928169,0.1,0 days 00:00:20.539569
203,0.3,0.6,autorec,1.0,0.5520150214062455,0.5321713407148989,0.1,0 days 00:00:09.353604
204,0.4,0.0,autorec,0.1,0.6441512053139418,0.5044018446430981,0.1,0 days 00:00:06.733775
205,0.4,0.0,autorec,0.2,0.6805000284027446,0.5471178168080801,0.1,0 days 00:00:08.422809
206,0.4,0.0,autorec,0.4,0.6701300559357014,0.5320564879539895,0.1,0 days 00:00:08.004176
207,0.4,0.0,autorec,0.6,0.6851823927609038,0.548850392560223,0.1,0 days 00:00:09.314294
208,0.4,0.0,autorec,0.8,0.6940399376716331,0.5516467092652502,0.1,0 days 00:00:10.662939
209,0.4,0.0,autorec,1.0,0.695888395064245,0.5591133504730637,0.1,0 days 00:00:14.233686
210,0.4,0.1,autorec,0.1,0.6005052954393526,0.472221501508121,0.1,0 days 00:00:19.633643
211,0.4,0.1,autorec,0.2,0.6009046852650793,0.4838165192551261,0.1,0 days 00:00:15.031142
212,0.4,0.1,autorec,0.4,0.6496757257812233,0.5240224398770817,0.1,0 days 00:00:15.154395
213,0.4,0.1,autorec,0.6,0.5894575505666674,0.4754007506592879,0.1,0 days 00:00:14.212298
214,0.4,0.1,autorec,0.8,0.617354671871444,0.4996627542642157,0.1,0 days 00:00:28.894537
215,0.4,0.1,autorec,1.0,0.63953248181601,0.5182023387160548,0.1,0 days 00:00:27.841042
216,0.4,0.2,autorec,0.1,0.6153512526631845,0.5134931350780652,0.1,0 days 00:00:11.982525
217,0.4,0.2,autorec,0.2,0.5815086718174299,0.47965416758151364,0.1,0 days 00:00:10.323954
218,0.4,0.2,autorec,0.4,0.5721006400234215,0.47019572627964296,0.1,0 days 00:00:10.592235
219,0.4,0.2,autorec,0.6,0.5860076223320565,0.48445297321948694,0.1,0 days 00:00:12.386307
220,0.4,0.2,autorec,0.8,0.5888306845428841,0.4847372368107803,0.1,0 days 00:00:11.968848
221,0.4,0.2,autorec,1.0,0.5989704369345186,0.49392496800139224,0.1,0 days 00:00:12.247117
222,0.4,0.3,autorec,0.1,0.6238912667498956,0.5375437632575826,0.1,0 days 00:00:10.165732
223,0.4,0.3,autorec,0.2,0.5692423822681929,0.49317574171232187,0.1,0 days 00:00:11.123305
224,0.4,0.3,autorec,0.4,0.5732464562454733,0.49847190820932796,0.1,0 days 00:00:09.492083
225,0.4,0.3,autorec,0.6,0.5540539737841913,0.47080139019390826,0.1,0 days 00:00:10.039029
226,0.4,0.3,autorec,0.8,0.5570033772814104,0.48026192298999404,0.1,0 days 00:00:10.202534
227,0.4,0.3,autorec,1.0,0.5686801443421962,0.48286030792751344,0.1,0 days 00:00:10.735196
228,0.4,0.4,autorec,0.1,0.5488068822130113,0.5100697084762245,0.1,0 days 00:00:09.015969
229,0.4,0.4,autorec,0.2,0.5465081228951738,0.5023770986889027,0.1,0 days 00:00:10.216521
230,0.4,0.4,autorec,0.4,0.5494621557072938,0.5067449237395805,0.1,0 days 00:00:10.326058
231,0.4,0.4,autorec,0.6,0.5335134638564741,0.48084609235329284,0.1,0 days 00:00:09.503233
232,0.4,0.4,autorec,0.8,0.5650219821555206,0.5153488286317218,0.1,0 days 00:00:10.021503
233,0.4,0.4,autorec,1.0,0.5624972305766849,0.5152262187887485,0.1,0 days 00:00:10.576653
234,0.4,0.5,autorec,0.1,0.5891325651876409,0.5683519180680434,0.1,0 days 00:00:08.819301
235,0.4,0.5,autorec,0.2,0.5568598889631704,0.5395067393796853,0.1,0 days 00:00:09.762209
236,0.4,0.5,autorec,0.4,0.5567718151846206,0.5368709587484591,0.1,0 days 00:00:10.849889
237,0.4,0.5,autorec,0.6,0.5862364774896794,0.5656460255260811,0.1,0 days 00:00:12.127155
238,0.4,0.5,autorec,0.8,0.5991485219161593,0.5813548046237744,0.1,0 days 00:00:15.904301
239,0.4,0.5,autorec,1.0,0.5823908480791943,0.5627056937928151,0.1,0 days 00:00:12.821392
240,0.5,0.0,autorec,0.1,0.5922040248041952,0.46039339059152157,0.1,0 days 00:00:19.543969
241,0.5,0.0,autorec,0.2,0.6224823177229082,0.4996329083647456,0.1,0 days 00:00:14.858316
242,0.5,0.0,autorec,0.4,0.6784576053771977,0.5447195081164298,0.1,0 days 00:00:15.126378
243,0.5,0.0,autorec,0.6,0.6206114955309072,0.5059120075870183,0.1,0 days 00:00:14.045540
244,0.5,0.0,autorec,0.8,0.6273936068965238,0.5090016519737732,0.1,0 days 00:00:28.302154
245,0.5,0.0,autorec,1.0,0.6513579584196107,0.5282462304779189,0.1,0 days 00:00:28.300348
246,0.5,0.1,autorec,0.1,0.6291644500443586,0.5289857834486958,0.1,0 days 00:00:12.196012
247,0.5,0.1,autorec,0.2,0.596251771098092,0.489160810965461,0.1,0 days 00:00:10.361819
248,0.5,0.1,autorec,0.4,0.5733443293596572,0.47641148703383046,0.1,0 days 00:00:10.826973
249,0.5,0.1,autorec,0.6,0.6081626425315553,0.5058954242874716,0.1,0 days 00:00:12.367648
250,0.5,0.1,autorec,0.8,0.5921995416568395,0.4864891014704953,0.1,0 days 00:00:12.045977
251,0.5,0.1,autorec,1.0,0.631595491684622,0.5261659320265963,0.1,0 days 00:00:12.308916
252,0.5,0.2,autorec,0.1,0.6387674229329504,0.5529583583646415,0.1,0 days 00:00:10.006462
253,0.5,0.2,autorec,0.2,0.5714467999577465,0.4961174324507472,0.1,0 days 00:00:11.096732
254,0.5,0.2,autorec,0.4,0.5816740977937719,0.5048800386812198,0.1,0 days 00:00:09.196101
255,0.5,0.2,autorec,0.6,0.5979849464295613,0.5152737210784633,0.1,0 days 00:00:09.950693
256,0.5,0.2,autorec,0.8,0.5855487353193268,0.5055866811665725,0.1,0 days 00:00:10.375202
257,0.5,0.2,autorec,1.0,0.5830177780845158,0.5021641090830569,0.1,0 days 00:00:10.684662
258,0.5,0.3,autorec,0.1,0.6112450010463027,0.564730280420633,0.1,0 days 00:00:08.986097
259,0.5,0.3,autorec,0.2,0.5559906517403717,0.520120964989113,0.1,0 days 00:00:09.588444
260,0.5,0.3,autorec,0.4,0.5731231586347035,0.5279686318792652,0.1,0 days 00:00:11.079543
261,0.5,0.3,autorec,0.6,0.5845741323810701,0.5400881404771065,0.1,0 days 00:00:09.505668
262,0.5,0.3,autorec,0.8,0.6025501850870215,0.557182184256908,0.1,0 days 00:00:10.207457
263,0.5,0.3,autorec,1.0,0.5876013849224977,0.5444386904576369,0.1,0 days 00:00:10.518181
264,0.5,0.4,autorec,0.1,0.5615122553037302,0.5370132861600999,0.1,0 days 00:00:09.010544
265,0.5,0.4,autorec,0.2,0.5755027004740376,0.5582595667120406,0.1,0 days 00:00:09.938169
266,0.5,0.4,autorec,0.4,0.5995345995396227,0.5817801458069701,0.1,0 days 00:00:10.811961
267,0.5,0.4,autorec,0.6,0.5916572753572967,0.5719085255423323,0.1,0 days 00:00:12.484598
268,0.5,0.4,autorec,0.8,0.6182264405178677,0.6022396508144785,0.1,0 days 00:00:15.979886
269,0.5,0.4,autorec,1.0,0.6374642070862995,0.6179224141251076,0.1,0 days 00:00:12.857795
270,0.6,0.0,autorec,0.1,0.6120394787044643,0.5212693027758378,0.1,0 days 00:00:11.923952
271,0.6,0.0,autorec,0.2,0.6072116558104519,0.5015677595721845,0.1,0 days 00:00:10.270207
272,0.6,0.0,autorec,0.4,0.603767918919771,0.5087583376097881,0.1,0 days 00:00:10.694332
273,0.6,0.0,autorec,0.6,0.6409901412621573,0.534617669952857,0.1,0 days 00:00:12.455601
274,0.6,0.0,autorec,0.8,0.6225380887246477,0.5105790805468587,0.1,0 days 00:00:12.056373
275,0.6,0.0,autorec,1.0,0.635227219978199,0.5303509104444946,0.1,0 days 00:00:12.285000
276,0.6,0.1,autorec,0.1,0.6591590197677046,0.563580419642798,0.1,0 days 00:00:10.073473
277,0.6,0.1,autorec,0.2,0.6072830669035713,0.5346909628825365,0.1,0 days 00:00:11.045053
278,0.6,0.1,autorec,0.4,0.6204412553843233,0.5440895009171101,0.1,0 days 00:00:09.218460
279,0.6,0.1,autorec,0.6,0.5918667233295137,0.5134063546099635,0.1,0 days 00:00:09.955925
280,0.6,0.1,autorec,0.8,0.5996360927115545,0.5245823538359747,0.1,0 days 00:00:10.197298
281,0.6,0.1,autorec,1.0,0.5957069968692247,0.5186229103368564,0.1,0 days 00:00:10.485820
282,0.6,0.2,autorec,0.1,0.6158552597959305,0.5732145087432164,0.1,0 days 00:00:08.776587
283,0.6,0.2,autorec,0.2,0.587379997441936,0.5497489760440546,0.1,0 days 00:00:09.522071
284,0.6,0.2,autorec,0.4,0.604492086726627,0.5561723625438413,0.1,0 days 00:00:11.428055
285,0.6,0.2,autorec,0.6,0.5858461716662037,0.5392434243743813,0.1,0 days 00:00:09.322375
286,0.6,0.2,autorec,0.8,0.6099742533717991,0.5667213457256122,0.1,0 days 00:00:09.857146
287,0.6,0.2,autorec,1.0,0.6062515186257355,0.5642140455585725,0.1,0 days 00:00:10.536494
288,0.6,0.3,autorec,0.1,0.6246656007123697,0.6064710200599204,0.1,0 days 00:00:08.713334
289,0.6,0.3,autorec,0.2,0.6140001346141548,0.5986873778520022,0.1,0 days 00:00:09.672044
290,0.6,0.3,autorec,0.4,0.608644496622259,0.584907669772929,0.1,0 days 00:00:11.007782
291,0.6,0.3,autorec,0.6,0.6277136965199547,0.6122863348526255,0.1,0 days 00:00:12.123980
292,0.6,0.3,autorec,0.8,0.6321004510231801,0.613688365433981,0.1,0 days 00:00:16.391936
293,0.6,0.3,autorec,1.0,0.6143814179669922,0.595192670424786,0.1,0 days 00:00:12.949994
294,0.7,0.0,autorec,0.1,0.6687413704244948,0.5857355090536533,0.1,0 days 00:00:10.059355
295,0.7,0.0,autorec,0.2,0.6361606522199797,0.5604340743095781,0.1,0 days 00:00:11.076756
296,0.7,0.0,autorec,0.4,0.6568953989448535,0.5842160298668536,0.1,0 days 00:00:09.199277
297,0.7,0.0,autorec,0.6,0.6141137430756516,0.5380986865463397,0.1,0 days 00:00:09.812337
298,0.7,0.0,autorec,0.8,0.6079020791008531,0.5338211318440709,0.1,0 days 00:00:10.354984
299,0.7,0.0,autorec,1.0,0.6292167016926454,0.5511453788422112,0.1,0 days 00:00:10.615937
300,0.7,0.1,autorec,0.1,0.6078197321198776,0.5749954682381991,0.1,0 days 00:00:09.071699
301,0.7,0.1,autorec,0.2,0.6202126435889349,0.5785878550215164,0.1,0 days 00:00:10.355736
302,0.7,0.1,autorec,0.4,0.603609853265171,0.5592815119235002,0.1,0 days 00:00:10.338783
303,0.7,0.1,autorec,0.6,0.6072203541361326,0.5623507813596699,0.1,0 days 00:00:09.447058
304,0.7,0.1,autorec,0.8,0.6180758322282544,0.5769708831452207,0.1,0 days 00:00:10.061645
305,0.7,0.1,autorec,1.0,0.6444378346242748,0.6013598164843681,0.1,0 days 00:00:10.597907
306,0.7,0.2,autorec,0.1,0.642329345770038,0.6270547619865084,0.1,0 days 00:00:08.787616
307,0.7,0.2,autorec,0.2,0.6533370792084665,0.6379314626572528,0.1,0 days 00:00:10.033701
308,0.7,0.2,autorec,0.4,0.6583115829795427,0.6401062590260516,0.1,0 days 00:00:10.848696
309,0.7,0.2,autorec,0.6,0.6577137589399858,0.643080811708618,0.1,0 days 00:00:12.354226
310,0.7,0.2,autorec,0.8,0.6705285576912272,0.6509669383181061,0.1,0 days 00:00:15.979236
311,0.7,0.2,autorec,1.0,0.6515125298045882,0.6321808321013839,0.1,0 days 00:00:12.855534
312,0.8,0.0,autorec,0.1,0.6737119340736205,0.6280580596428124,0.1,0 days 00:00:07.600995
313,0.8,0.0,autorec,0.2,0.645824791781334,0.603804272998125,0.1,0 days 00:00:06.004907
314,0.8,0.0,autorec,0.4,0.6515048094262751,0.605817935834295,0.1,0 days 00:00:06.227483
315,0.8,0.0,autorec,0.6,0.6646909752991986,0.6256768757509829,0.1,0 days 00:00:06.716493
316,0.8,0.0,autorec,0.8,0.6347263065688885,0.5928621372511668,0.1,0 days 00:00:07.479547
317,0.8,0.0,autorec,1.0,0.6639390339566194,0.6252249158724469,0.1,0 days 00:00:08.001360
318,0.8,0.1,autorec,0.1,0.682154268418198,0.6658569995725244,0.1,0 days 00:00:05.195721
319,0.8,0.1,autorec,0.2,0.674208892396213,0.6612833407315014,0.1,0 days 00:00:04.932650
320,0.8,0.1,autorec,0.4,0.6874237594289262,0.6712210051108716,0.1,0 days 00:00:05.638796
321,0.8,0.1,autorec,0.6,0.6803438041417582,0.663059943671573,0.1,0 days 00:00:05.620246
322,0.8,0.1,autorec,0.8,0.6670688912578776,0.6494707765221642,0.1,0 days 00:00:05.495453
323,0.8,0.1,autorec,1.0,0.6795676482060371,0.6620185153416842,0.1,0 days 00:00:05.719868
324,0.9,0.0,autorec,0.1,0.7178410054963831,0.7038579409680209,0.1,0 days 00:00:07.464630
325,0.9,0.0,autorec,0.2,0.6928843436225695,0.6781183520769614,0.1,0 days 00:00:06.035087
326,0.9,0.0,autorec,0.4,0.6940726280486692,0.6747688009153632,0.1,0 days 00:00:06.245381
327,0.9,0.0,autorec,0.6,0.6966155481436154,0.6806745342982796,0.1,0 days 00:00:06.707237
328,0.9,0.0,autorec,0.8,0.6966425226581543,0.6814284103276192,0.1,0 days 00:00:07.461694
329,0.9,0.0,autorec,1.0,0.6904782009590584,0.6741391644277951,0.1,0 days 00:00:08.111146
330,0.0,0.0,svd,0.1,1.0365565984204324,0.8585385624033114,0.1,0 days 00:00:00.226155
331,0.0,0.0,svd,0.2,0.9790237610984202,0.788917659618985,0.1,0 days 00:00:00.390379
332,0.0,0.0,svd,0.4,1.0308587536976426,0.829035033269981,0.1,0 days 00:00:00.783501
333,0.0,0.0,svd,0.6,0.9887399480407315,0.779181507364916,0.1,0 days 00:00:01.389629
334,0.0,0.0,svd,0.8,1.0513589041681488,0.8331021469179513,0.1,0 days 00:00:01.825435
335,0.0,0.0,svd,1.0,1.0015261926732817,0.8032769223320732,0.1,0 days 00:00:01.760397
336,0.0,0.1,svd,0.1,0.9111261506186403,0.7430896332008047,0.1,0 days 00:00:00.256501
337,0.0,0.1,svd,0.2,0.8975359117599614,0.720485234282688,0.1,0 days 00:00:00.362372
338,0.0,0.1,svd,0.4,0.938986514772883,0.7372684707126056,0.1,0 days 00:00:00.711240
339,0.0,0.1,svd,0.6,0.9467343933451934,0.7652061364868831,0.1,0 days 00:00:01.065148
340,0.0,0.1,svd,0.8,0.9345975448759023,0.7416476409974245,0.1,0 days 00:00:01.376443
341,0.0,0.1,svd,1.0,0.9183117972863344,0.7383562480182729,0.1,0 days 00:00:01.762774
342,0.0,0.2,svd,0.1,0.8081869834532234,0.6504054393831159,0.1,0 days 00:00:00.197785
343,0.0,0.2,svd,0.2,0.8643588779643397,0.6980887837145553,0.1,0 days 00:00:00.457003
344,0.0,0.2,svd,0.4,0.8491395913557582,0.6690663538716758,0.1,0 days 00:00:00.912991
345,0.0,0.2,svd,0.6,0.8305294093083059,0.6586914022496163,0.1,0 days 00:00:01.221967
346,0.0,0.2,svd,0.8,0.8317563683584511,0.6618743033941186,0.1,0 days 00:00:01.757569
347,0.0,0.2,svd,1.0,0.8321086587366983,0.6633783731413977,0.1,0 days 00:00:01.809162
348,0.0,0.3,svd,0.1,0.6929789080858341,0.560599331097046,0.1,0 days 00:00:00.214356
349,0.0,0.3,svd,0.2,0.7328479837714872,0.5958350056710209,0.1,0 days 00:00:00.374778
350,0.0,0.3,svd,0.4,0.6992424511181755,0.5644764203539666,0.1,0 days 00:00:00.720852
351,0.0,0.3,svd,0.6,0.7430641535311311,0.5841018613873434,0.1,0 days 00:00:01.102246
352,0.0,0.3,svd,0.8,0.7289829869055784,0.5777481443073704,0.1,0 days 00:00:01.447531
353,0.0,0.3,svd,1.0,0.7198505252954394,0.5802469789740833,0.1,0 days 00:00:01.778757
354,0.0,0.4,svd,0.1,0.5871120215717358,0.4556612082410637,0.1,0 days 00:00:00.183058
355,0.0,0.4,svd,0.2,0.5418520293920908,0.4189803888129656,0.1,0 days 00:00:00.400343
356,0.0,0.4,svd,0.4,0.6511537499809108,0.5250536649983037,0.1,0 days 00:00:00.771800
357,0.0,0.4,svd,0.6,0.6395339976818033,0.5086210656812585,0.1,0 days 00:00:01.300375
358,0.0,0.4,svd,0.8,0.6096783006748924,0.4832110814839206,0.1,0 days 00:00:01.617333
359,0.0,0.4,svd,1.0,0.6369884438015575,0.5114270103405602,0.1,0 days 00:00:01.962499
360,0.0,0.5,svd,0.1,0.4624933209845368,0.33201171469992113,0.1,0 days 00:00:00.198262
361,0.0,0.5,svd,0.2,0.5227463404017254,0.41690079647725187,0.1,0 days 00:00:00.426258
362,0.0,0.5,svd,0.4,0.5538576124501252,0.4413171489779789,0.1,0 days 00:00:00.801379
363,0.0,0.5,svd,0.6,0.5084723897451923,0.4036829547395587,0.1,0 days 00:00:01.248953
364,0.0,0.5,svd,0.8,0.5084853787106219,0.4047780364920501,0.1,0 days 00:00:01.821936
365,0.0,0.5,svd,1.0,0.5072228059059627,0.4064526572324063,0.1,0 days 00:00:02.325050
366,0.0,0.6,svd,0.1,0.4273029845586136,0.3400295688350942,0.1,0 days 00:00:00.207221
367,0.0,0.6,svd,0.2,0.45548336180173493,0.36700836907992995,0.1,0 days 00:00:00.370940
368,0.0,0.6,svd,0.4,0.40224698188111563,0.3219427575211005,0.1,0 days 00:00:00.810623
369,0.0,0.6,svd,0.6,0.41361065154686144,0.3327333019783658,0.1,0 days 00:00:01.256212
370,0.0,0.6,svd,0.8,0.41433139790844686,0.3330506062089752,0.1,0 days 00:00:01.435250
371,0.0,0.6,svd,1.0,0.41309419557161897,0.3304621487964449,0.1,0 days 00:00:01.825094
372,0.0,0.7,svd,0.1,0.3609815133765565,0.2870432531770842,0.1,0 days 00:00:00.205954
373,0.0,0.7,svd,0.2,0.31684290618397604,0.25097462951768934,0.1,0 days 00:00:00.405990
374,0.0,0.7,svd,0.4,0.3215075306377887,0.25857903715541597,0.1,0 days 00:00:00.663914
375,0.0,0.7,svd,0.6,0.3227043205451845,0.25644979756313946,0.1,0 days 00:00:01.097882
376,0.0,0.7,svd,0.8,0.3044803205532559,0.2443380867916485,0.1,0 days 00:00:01.390451
377,0.0,0.7,svd,1.0,0.3043383713126153,0.2412807769019721,0.1,0 days 00:00:01.728034
378,0.0,0.8,svd,0.1,0.2512710405031188,0.20425398290936803,0.1,0 days 00:00:00.356126
379,0.0,0.8,svd,0.2,0.22531198166220284,0.17811452574258677,0.1,0 days 00:00:00.496860
380,0.0,0.8,svd,0.4,0.20573702421109377,0.16652425538864563,0.1,0 days 00:00:00.912433
381,0.0,0.8,svd,0.6,0.21232008348092923,0.16726027827334716,0.1,0 days 00:00:01.223350
382,0.0,0.8,svd,0.8,0.22137427583951524,0.17789284471744332,0.1,0 days 00:00:01.480566
383,0.0,0.8,svd,1.0,0.2193096185410175,0.17649395812467192,0.1,0 days 00:00:01.910977
384,0.0,0.9,svd,0.1,0.1461308681969554,0.11951805966823388,0.1,0 days 00:00:00.243900
385,0.0,0.9,svd,0.2,0.14852746624267663,0.12074427841813609,0.1,0 days 00:00:00.428421
386,0.0,0.9,svd,0.4,0.12828027697704364,0.10057237578482313,0.1,0 days 00:00:00.828153
387,0.0,0.9,svd,0.6,0.13424514443937205,0.10729769791482469,0.1,0 days 00:00:01.192365
388,0.0,0.9,svd,0.8,0.12445996376718339,0.09922948814362761,0.1,0 days 00:00:01.477637
389,0.0,0.9,svd,1.0,0.11238139626900853,0.08891029960290332,0.1,0 days 00:00:01.927916
390,0.1,0.0,svd,0.1,0.9299062326636315,0.7663858913081439,0.1,0 days 00:00:00.222702
391,0.1,0.0,svd,0.2,0.8796337188473216,0.7104396830371116,0.1,0 days 00:00:00.404563
392,0.1,0.0,svd,0.4,0.9308020935000973,0.7448793642434111,0.1,0 days 00:00:00.801215
393,0.1,0.0,svd,0.6,0.8908959538180459,0.700774995020162,0.1,0 days 00:00:01.387366
394,0.1,0.0,svd,0.8,0.9471259866886987,0.7516158644707914,0.1,0 days 00:00:01.658190
395,0.1,0.0,svd,1.0,0.9011029805904937,0.7220111006552212,0.1,0 days 00:00:01.794220
396,0.1,0.1,svd,0.1,0.8017494835235248,0.6534634915657611,0.1,0 days 00:00:00.203898
397,0.1,0.1,svd,0.2,0.7958905869990599,0.6376513108759564,0.1,0 days 00:00:00.345132
398,0.1,0.1,svd,0.4,0.8410532149735324,0.6599571778172438,0.1,0 days 00:00:00.699872
399,0.1,0.1,svd,0.6,0.844000780139347,0.6827114644261945,0.1,0 days 00:00:01.095643
400,0.1,0.1,svd,0.8,0.8317254020321742,0.6601763023233311,0.1,0 days 00:00:01.397585
401,0.1,0.1,svd,1.0,0.8176943775846166,0.658034738192188,0.1,0 days 00:00:01.753781
402,0.1,0.2,svd,0.1,0.7161366367834777,0.5737742048850667,0.1,0 days 00:00:00.207150
403,0.1,0.2,svd,0.2,0.7564906830860096,0.6128545813472407,0.1,0 days 00:00:00.400064
404,0.1,0.2,svd,0.4,0.7505220140398106,0.5936223434119019,0.1,0 days 00:00:00.939041
405,0.1,0.2,svd,0.6,0.7327603597538808,0.5829577524649215,0.1,0 days 00:00:01.177807
406,0.1,0.2,svd,0.8,0.7349692204846587,0.5837566273903441,0.1,0 days 00:00:01.769717
407,0.1,0.2,svd,1.0,0.7327153003683885,0.5845749649285406,0.1,0 days 00:00:01.694936
408,0.1,0.3,svd,0.1,0.6057649238735127,0.49091259524976694,0.1,0 days 00:00:00.201935
409,0.1,0.3,svd,0.2,0.6340772662358178,0.5167192815976196,0.1,0 days 00:00:00.384565
410,0.1,0.3,svd,0.4,0.6031315378459948,0.48761136712368214,0.1,0 days 00:00:00.725013
411,0.1,0.3,svd,0.6,0.6418678423653003,0.5036177745904575,0.1,0 days 00:00:01.076243
412,0.1,0.3,svd,0.8,0.628202933765006,0.4982507762824263,0.1,0 days 00:00:01.400067
413,0.1,0.3,svd,1.0,0.6204052075370409,0.5010782844350546,0.1,0 days 00:00:01.804778
414,0.1,0.4,svd,0.1,0.49756528389260274,0.3891042544699383,0.1,0 days 00:00:00.201439
415,0.1,0.4,svd,0.2,0.46003858181462853,0.3542714454757489,0.1,0 days 00:00:00.500079
416,0.1,0.4,svd,0.4,0.5471681879892627,0.44130163096644665,0.1,0 days 00:00:00.747895
417,0.1,0.4,svd,0.6,0.5375028998875099,0.4269217384615063,0.1,0 days 00:00:01.229826
418,0.1,0.4,svd,0.8,0.5104195035075978,0.4047161733515063,0.1,0 days 00:00:01.697792
419,0.1,0.4,svd,1.0,0.5317735753435128,0.42705319091086846,0.1,0 days 00:00:02.010136
420,0.1,0.5,svd,0.1,0.37512841980887635,0.26781848810015957,0.1,0 days 00:00:00.213245
421,0.1,0.5,svd,0.2,0.423641444967636,0.33552761827510397,0.1,0 days 00:00:00.401400
422,0.1,0.5,svd,0.4,0.4457830700849699,0.3561439091579913,0.1,0 days 00:00:00.802420
423,0.1,0.5,svd,0.6,0.40992244926219434,0.32603123290129327,0.1,0 days 00:00:01.274828
424,0.1,0.5,svd,0.8,0.4083284211460873,0.32523140513179555,0.1,0 days 00:00:01.844584
425,0.1,0.5,svd,1.0,0.40753524428905713,0.3266008038369258,0.1,0 days 00:00:02.026676
426,0.1,0.6,svd,0.1,0.32756086027157877,0.26087401749787553,0.1,0 days 00:00:00.407433
427,0.1,0.6,svd,0.2,0.3527094838419697,0.2846328820005011,0.1,0 days 00:00:00.384077
428,0.1,0.6,svd,0.4,0.305123418935152,0.2445644288819595,0.1,0 days 00:00:00.836485
429,0.1,0.6,svd,0.6,0.3141328607108402,0.25337384053367523,0.1,0 days 00:00:01.289539
430,0.1,0.6,svd,0.8,0.31381030100629487,0.25269250572077406,0.1,0 days 00:00:01.328161
431,0.1,0.6,svd,1.0,0.31322965022774685,0.2503297479192161,0.1,0 days 00:00:01.747215
432,0.1,0.7,svd,0.1,0.2531167999067705,0.20219837516838882,0.1,0 days 00:00:00.204515
433,0.1,0.7,svd,0.2,0.22237890926716017,0.17763110116251768,0.1,0 days 00:00:00.394301
434,0.1,0.7,svd,0.4,0.22594866663762242,0.18133638616215514,0.1,0 days 00:00:00.725437
435,0.1,0.7,svd,0.6,0.2207667592688646,0.1764841606818397,0.1,0 days 00:00:01.041219
436,0.1,0.7,svd,0.8,0.20796900403476132,0.166090605781136,0.1,0 days 00:00:01.423811
437,0.1,0.7,svd,1.0,0.20820886401393582,0.16503702876990928,0.1,0 days 00:00:01.771146
438,0.1,0.8,svd,0.1,0.14552247006067084,0.11670095670368483,0.1,0 days 00:00:00.217806
439,0.1,0.8,svd,0.2,0.13977987346579274,0.1113221776481082,0.1,0 days 00:00:00.514733
440,0.1,0.8,svd,0.4,0.12183849701209913,0.0993659351525466,0.1,0 days 00:00:00.945234
441,0.1,0.8,svd,0.6,0.12336681204761592,0.09831835878999423,0.1,0 days 00:00:01.291067
442,0.1,0.8,svd,0.8,0.12795081519134327,0.10312980836616426,0.1,0 days 00:00:01.469418
443,0.1,0.8,svd,1.0,0.1250472913994246,0.10072788302745639,0.1,0 days 00:00:01.884976
444,0.2,0.0,svd,0.1,0.8256377477482356,0.6787708821150075,0.1,0 days 00:00:00.240334
445,0.2,0.0,svd,0.2,0.785194771606938,0.6348833180848632,0.1,0 days 00:00:00.379678
446,0.2,0.0,svd,0.4,0.8318983952689176,0.6612556748418501,0.1,0 days 00:00:00.752028
447,0.2,0.0,svd,0.6,0.7961710140274961,0.6259280263098549,0.1,0 days 00:00:01.381873
448,0.2,0.0,svd,0.8,0.8450753758342646,0.6711879379198463,0.1,0 days 00:00:01.684953
449,0.2,0.0,svd,1.0,0.80310075028768,0.6426968622204418,0.1,0 days 00:00:01.751894
450,0.2,0.1,svd,0.1,0.6938162071949849,0.5644428567139563,0.1,0 days 00:00:00.209817
451,0.2,0.1,svd,0.2,0.6985613815469977,0.5592917666112271,0.1,0 days 00:00:00.343213
452,0.2,0.1,svd,0.4,0.743372725883241,0.5822403439292718,0.1,0 days 00:00:00.679614
453,0.2,0.1,svd,0.6,0.7417412780233442,0.6004483311552223,0.1,0 days 00:00:01.036742
454,0.2,0.1,svd,0.8,0.7318575541388797,0.5808919683543127,0.1,0 days 00:00:01.383430
455,0.2,0.1,svd,1.0,0.7190673228122694,0.5791037414738652,0.1,0 days 00:00:01.664976
456,0.2,0.2,svd,0.1,0.6244755652122006,0.49948239246885706,0.1,0 days 00:00:00.208949
457,0.2,0.2,svd,0.2,0.6493212670097628,0.5278636528887238,0.1,0 days 00:00:00.399356
458,0.2,0.2,svd,0.4,0.6501773185298869,0.5158599947488578,0.1,0 days 00:00:00.958702
459,0.2,0.2,svd,0.6,0.6331416482671891,0.5042292997122019,0.1,0 days 00:00:01.171646
460,0.2,0.2,svd,0.8,0.6347866547032838,0.5042908108640716,0.1,0 days 00:00:01.715467
461,0.2,0.2,svd,1.0,0.631147717094004,0.5035288353799042,0.1,0 days 00:00:01.874561
462,0.2,0.3,svd,0.1,0.5145101046529836,0.41805611307741214,0.1,0 days 00:00:00.198160
463,0.2,0.3,svd,0.2,0.5328353065881571,0.43470762143072916,0.1,0 days 00:00:00.406409
464,0.2,0.3,svd,0.4,0.5041740311724439,0.40790372361709615,0.1,0 days 00:00:00.735593
465,0.2,0.3,svd,0.6,0.5377892441627531,0.4216367066918845,0.1,0 days 00:00:01.131458
466,0.2,0.3,svd,0.8,0.5265929547129886,0.4175465165296559,0.1,0 days 00:00:01.425702
467,0.2,0.3,svd,1.0,0.5183441842688068,0.418958836269923,0.1,0 days 00:00:01.749960
468,0.2,0.4,svd,0.1,0.4059748762605401,0.3189214546204014,0.1,0 days 00:00:00.218389
469,0.2,0.4,svd,0.2,0.37455715511723525,0.28933410349218547,0.1,0 days 00:00:00.346631
470,0.2,0.4,svd,0.4,0.44254409419818536,0.35658466673672495,0.1,0 days 00:00:00.745424
471,0.2,0.4,svd,0.6,0.43432643595904585,0.34428970827183236,0.1,0 days 00:00:01.268726
472,0.2,0.4,svd,0.8,0.41059734519660845,0.32568476542304864,0.1,0 days 00:00:01.596633
473,0.2,0.4,svd,1.0,0.4268605582642393,0.3429098005013591,0.1,0 days 00:00:02.060329
474,0.2,0.5,svd,0.1,0.286380453226993,0.20536158634323987,0.1,0 days 00:00:00.250367
475,0.2,0.5,svd,0.2,0.3233700164930968,0.255334036780858,0.1,0 days 00:00:00.397080
476,0.2,0.5,svd,0.4,0.33796113141194173,0.2711152647728538,0.1,0 days 00:00:00.788576
477,0.2,0.5,svd,0.6,0.31201767614448633,0.24942326931106065,0.1,0 days 00:00:01.230721
478,0.2,0.5,svd,0.8,0.30854140100675054,0.24532129382856296,0.1,0 days 00:00:01.787271
479,0.2,0.5,svd,1.0,0.30822335304122056,0.24706007151779533,0.1,0 days 00:00:02.088205
480,0.2,0.6,svd,0.1,0.23062355378218208,0.1855022277108468,0.1,0 days 00:00:00.290814
481,0.2,0.6,svd,0.2,0.2506683210047227,0.20242231798641255,0.1,0 days 00:00:00.610278
482,0.2,0.6,svd,0.4,0.21067112199451807,0.1692872364186546,0.1,0 days 00:00:00.724572
483,0.2,0.6,svd,0.6,0.21687487765463906,0.17532613849637926,0.1,0 days 00:00:01.307531
484,0.2,0.6,svd,0.8,0.21517749113576853,0.17356466123564324,0.1,0 days 00:00:01.503811
485,0.2,0.6,svd,1.0,0.21499611678371716,0.1715015763156988,0.1,0 days 00:00:01.738428
486,0.2,0.7,svd,0.1,0.15363214575878759,0.1251561875672529,0.1,0 days 00:00:00.203140
487,0.2,0.7,svd,0.2,0.13651088531764685,0.11122696895025243,0.1,0 days 00:00:00.405918
488,0.2,0.7,svd,0.4,0.13891377748082825,0.11071878422777186,0.1,0 days 00:00:00.720239
489,0.2,0.7,svd,0.6,0.12615894223082294,0.1021563386486572,0.1,0 days 00:00:01.082047
490,0.2,0.7,svd,0.8,0.11765234279668027,0.09312935998798753,0.1,0 days 00:00:01.398594
491,0.2,0.7,svd,1.0,0.11768609495404687,0.09335418420173383,0.1,0 days 00:00:01.789713
492,0.3,0.0,svd,0.1,0.7232203830155404,0.5919969821189196,0.1,0 days 00:00:00.238788
493,0.3,0.0,svd,0.2,0.6918224980597569,0.5587844188647921,0.1,0 days 00:00:00.384324
494,0.3,0.0,svd,0.4,0.731509948504643,0.5788112575912537,0.1,0 days 00:00:00.733730
495,0.3,0.0,svd,0.6,0.700333580119025,0.5505635579019102,0.1,0 days 00:00:01.282777
496,0.3,0.0,svd,0.8,0.7435553176978861,0.5908531331202653,0.1,0 days 00:00:01.705645
497,0.3,0.0,svd,1.0,0.706414294070325,0.5654819059805516,0.1,0 days 00:00:01.782200
498,0.3,0.1,svd,0.1,0.5921494480652549,0.48061772791235513,0.1,0 days 00:00:00.185956
499,0.3,0.1,svd,0.2,0.6039549293269436,0.48424690160832884,0.1,0 days 00:00:00.343463
500,0.3,0.1,svd,0.4,0.6439615962822232,0.503203367107312,0.1,0 days 00:00:00.719908
501,0.3,0.1,svd,0.6,0.6396938725561141,0.5189736629448145,0.1,0 days 00:00:01.079652
502,0.3,0.1,svd,0.8,0.6296466931295973,0.499301282893819,0.1,0 days 00:00:01.365869
503,0.3,0.1,svd,1.0,0.6184757267220626,0.4982783319605884,0.1,0 days 00:00:01.791150
504,0.3,0.2,svd,0.1,0.5289501401686767,0.4224723832807915,0.1,0 days 00:00:00.205561
505,0.3,0.2,svd,0.2,0.5421956973549529,0.44177583132851356,0.1,0 days 00:00:00.412432
506,0.3,0.2,svd,0.4,0.5452978171273176,0.43367237915653034,0.1,0 days 00:00:00.939744
507,0.3,0.2,svd,0.6,0.5310701892264901,0.4228695268415603,0.1,0 days 00:00:01.177335
508,0.3,0.2,svd,0.8,0.5312247033066315,0.4223991541134949,0.1,0 days 00:00:01.765150
509,0.3,0.2,svd,1.0,0.5275193541519997,0.4209262027699713,0.1,0 days 00:00:01.758365
510,0.3,0.3,svd,0.1,0.41989004547553566,0.3420324805046478,0.1,0 days 00:00:00.193535
511,0.3,0.3,svd,0.2,0.42993692664550337,0.35095774122601836,0.1,0 days 00:00:00.372700
512,0.3,0.3,svd,0.4,0.40558633276587824,0.3281277885070363,0.1,0 days 00:00:00.725237
513,0.3,0.3,svd,0.6,0.43276106857687513,0.33897820446871746,0.1,0 days 00:00:01.080409
514,0.3,0.3,svd,0.8,0.4234893610192479,0.33581361552255773,0.1,0 days 00:00:01.475288
515,0.3,0.3,svd,1.0,0.41572566827745105,0.3362757920252112,0.1,0 days 00:00:01.800696
516,0.3,0.4,svd,0.1,0.3128856803014344,0.2469772518590503,0.1,0 days 00:00:00.222192
517,0.3,0.4,svd,0.2,0.28802813777546105,0.22274097854698546,0.1,0 days 00:00:00.374534
518,0.3,0.4,svd,0.4,0.3376127163302047,0.27118921186534906,0.1,0 days 00:00:00.713907
519,0.3,0.4,svd,0.6,0.33162283279485394,0.2621148093499063,0.1,0 days 00:00:01.248654
520,0.3,0.4,svd,0.8,0.31130490100324193,0.2468084374849677,0.1,0 days 00:00:01.606940
521,0.3,0.4,svd,1.0,0.3227484926058831,0.2593257262822346,0.1,0 days 00:00:02.027913
522,0.3,0.5,svd,0.1,0.20128518135878767,0.14815730978983307,0.1,0 days 00:00:00.249736
523,0.3,0.5,svd,0.2,0.22544902424436702,0.17724156108359396,0.1,0 days 00:00:00.422764
524,0.3,0.5,svd,0.4,0.23262412538931138,0.18790393627005855,0.1,0 days 00:00:00.751084
525,0.3,0.5,svd,0.6,0.2163835122121211,0.17455129441211098,0.1,0 days 00:00:01.261411
526,0.3,0.5,svd,0.8,0.21065030833717338,0.1674169225070399,0.1,0 days 00:00:01.835963
527,0.3,0.5,svd,1.0,0.2106459961620679,0.1688233938095199,0.1,0 days 00:00:02.069599
528,0.3,0.6,svd,0.1,0.14231427055875906,0.11646729171883367,0.1,0 days 00:00:00.307040
529,0.3,0.6,svd,0.2,0.1575769261463449,0.12706685683126065,0.1,0 days 00:00:00.561716
530,0.3,0.6,svd,0.4,0.12507576158435507,0.10144870200920897,0.1,0 days 00:00:00.725368
531,0.3,0.6,svd,0.6,0.12706779043620656,0.10319395121517573,0.1,0 days 00:00:01.326287
532,0.3,0.6,svd,0.8,0.1228576675690802,0.09914435355739933,0.1,0 days 00:00:01.454774
533,0.3,0.6,svd,1.0,0.12203104736042647,0.09751000222744648,0.1,0 days 00:00:01.784677
534,0.4,0.0,svd,0.1,0.6921562505231031,0.5510387310774711,0.1,0 days 00:00:00.200741
535,0.4,0.0,svd,0.2,0.6106904573669303,0.48108546233591126,0.1,0 days 00:00:00.355148
536,0.4,0.0,svd,0.4,0.6187557601405922,0.5005556620269727,0.1,0 days 00:00:00.727916
537,0.4,0.0,svd,0.6,0.6353492263877,0.5033529413090917,0.1,0 days 00:00:01.168488
538,0.4,0.0,svd,0.8,0.60135964443567,0.4837386128294443,0.1,0 days 00:00:01.351646
539,0.4,0.0,svd,1.0,0.6003035164635221,0.4751687542206448,0.1,0 days 00:00:01.786196
540,0.4,0.1,svd,0.1,0.60144473043652,0.4984551971153558,0.1,0 days 00:00:00.199973
541,0.4,0.1,svd,0.2,0.5167255695982828,0.4104093012669668,0.1,0 days 00:00:00.549260
542,0.4,0.1,svd,0.4,0.4878272108538045,0.3886593618033466,0.1,0 days 00:00:00.897970
543,0.4,0.1,svd,0.6,0.5074912587303001,0.3976670171033045,0.1,0 days 00:00:01.320287
544,0.4,0.1,svd,0.8,0.5245553919945031,0.4205584835464802,0.1,0 days 00:00:01.490515
545,0.4,0.1,svd,1.0,0.5217078572023478,0.4181543926319734,0.1,0 days 00:00:01.918997
546,0.4,0.2,svd,0.1,0.42809505777540513,0.34475412771412045,0.1,0 days 00:00:00.211752
547,0.4,0.2,svd,0.2,0.4673140033483656,0.379010950688097,0.1,0 days 00:00:00.404271
548,0.4,0.2,svd,0.4,0.40840692255636774,0.31714504224689316,0.1,0 days 00:00:00.798552
549,0.4,0.2,svd,0.6,0.43672980012320345,0.34809460301812944,0.1,0 days 00:00:01.212568
550,0.4,0.2,svd,0.8,0.4217210347847653,0.33604389683517527,0.1,0 days 00:00:01.578775
551,0.4,0.2,svd,1.0,0.3863949825086927,0.30639648191069335,0.1,0 days 00:00:01.933707
552,0.4,0.3,svd,0.1,0.3475513363138182,0.27937797720862606,0.1,0 days 00:00:00.229907
553,0.4,0.3,svd,0.2,0.3108316795062843,0.24447977533531656,0.1,0 days 00:00:00.399996
554,0.4,0.3,svd,0.4,0.3251982569822742,0.26859728423526064,0.1,0 days 00:00:00.729616
555,0.4,0.3,svd,0.6,0.30904836022002796,0.24717199498200937,0.1,0 days 00:00:01.149341
556,0.4,0.3,svd,0.8,0.3046779534510712,0.24211426284466214,0.1,0 days 00:00:01.865261
557,0.4,0.3,svd,1.0,0.30997008188375247,0.2449105053697661,0.1,0 days 00:00:01.738807
558,0.4,0.4,svd,0.1,0.2311930064784779,0.17806116036067035,0.1,0 days 00:00:00.211563
559,0.4,0.4,svd,0.2,0.23651179112976914,0.18721758003084335,0.1,0 days 00:00:00.365695
560,0.4,0.4,svd,0.4,0.2292437153430981,0.17971120551156552,0.1,0 days 00:00:00.696023
561,0.4,0.4,svd,0.6,0.21695789352085781,0.1708031275391008,0.1,0 days 00:00:01.113166
562,0.4,0.4,svd,0.8,0.2101003026071384,0.1694896590347733,0.1,0 days 00:00:01.544914
563,0.4,0.4,svd,1.0,0.2119341938973435,0.16754557381330734,0.1,0 days 00:00:01.893360
564,0.4,0.5,svd,0.1,0.11665015779120702,0.09297656910082733,0.1,0 days 00:00:00.224153
565,0.4,0.5,svd,0.2,0.14460406206504745,0.11452877509823693,0.1,0 days 00:00:00.405391
566,0.4,0.5,svd,0.4,0.1387691571523319,0.112100230431999,0.1,0 days 00:00:00.746557
567,0.4,0.5,svd,0.6,0.1328330831398146,0.10778923663853322,0.1,0 days 00:00:01.109594
568,0.4,0.5,svd,0.8,0.11971911686974411,0.094941667611917,0.1,0 days 00:00:01.538033
569,0.4,0.5,svd,1.0,0.12143355336553319,0.09894487452501394,0.1,0 days 00:00:01.857396
570,0.5,0.0,svd,0.1,0.601769582741574,0.49904342842558486,0.1,0 days 00:00:00.200376
571,0.5,0.0,svd,0.2,0.517264747187686,0.4106314213516151,0.1,0 days 00:00:00.539048
572,0.5,0.0,svd,0.4,0.4879165238310886,0.38873215212603296,0.1,0 days 00:00:00.955842
573,0.5,0.0,svd,0.6,0.5075871573657577,0.39775033151581707,0.1,0 days 00:00:01.292462
574,0.5,0.0,svd,0.8,0.524565451716365,0.42057168727615435,0.1,0 days 00:00:01.496999
575,0.5,0.0,svd,1.0,0.5217079395222495,0.41815472417663846,0.1,0 days 00:00:01.903686
576,0.5,0.1,svd,0.1,0.4278294306624632,0.34441720946725973,0.1,0 days 00:00:00.244752
577,0.5,0.1,svd,0.2,0.46726563042024316,0.37896791838588256,0.1,0 days 00:00:00.411739
578,0.5,0.1,svd,0.4,0.40839852243662395,0.3171399273478828,0.1,0 days 00:00:00.784783
579,0.5,0.1,svd,0.6,0.43679943617942785,0.3481363437898881,0.1,0 days 00:00:01.199476
580,0.5,0.1,svd,0.8,0.42172124641335806,0.3360438368403348,0.1,0 days 00:00:01.579834
581,0.5,0.1,svd,1.0,0.3863928597305794,0.30639518973412966,0.1,0 days 00:00:01.947155
582,0.5,0.2,svd,0.1,0.34751878472413816,0.27927408677971366,0.1,0 days 00:00:00.231513
583,0.5,0.2,svd,0.2,0.3108311490027605,0.24449090394281825,0.1,0 days 00:00:00.366470
584,0.5,0.2,svd,0.4,0.32520526993331034,0.268600169179273,0.1,0 days 00:00:00.761101
585,0.5,0.2,svd,0.6,0.30904620536081173,0.2471687694216514,0.1,0 days 00:00:01.077003
586,0.5,0.2,svd,0.8,0.3046797496202129,0.2421156189202608,0.1,0 days 00:00:01.797990
587,0.5,0.2,svd,1.0,0.3099706439155314,0.2449103386167704,0.1,0 days 00:00:01.727625
588,0.5,0.3,svd,0.1,0.2312400083497652,0.1781401093424552,0.1,0 days 00:00:00.200592
589,0.5,0.3,svd,0.2,0.23648740646063215,0.18722966021725834,0.1,0 days 00:00:00.350088
590,0.5,0.3,svd,0.4,0.2292367494041759,0.17970440746733943,0.1,0 days 00:00:00.757850
591,0.5,0.3,svd,0.6,0.21695759849373467,0.17080535499861502,0.1,0 days 00:00:01.101076
592,0.5,0.3,svd,0.8,0.21009918939957611,0.16948962374281662,0.1,0 days 00:00:01.566574
593,0.5,0.3,svd,1.0,0.211935805863868,0.16754783245924842,0.1,0 days 00:00:01.829776
594,0.5,0.4,svd,0.1,0.11668949222737778,0.09306286087087166,0.1,0 days 00:00:00.225020
595,0.5,0.4,svd,0.2,0.1446109182871454,0.1145145659200525,0.1,0 days 00:00:00.402696
596,0.5,0.4,svd,0.4,0.13877327655078533,0.11210428477048275,0.1,0 days 00:00:00.755169
597,0.5,0.4,svd,0.6,0.13283473317581612,0.10778930872655469,0.1,0 days 00:00:01.139402
598,0.5,0.4,svd,0.8,0.11971819886725757,0.09494120444710372,0.1,0 days 00:00:01.562886
599,0.5,0.4,svd,1.0,0.12143359384650568,0.09894571268518709,0.1,0 days 00:00:01.896489
600,0.6,0.0,svd,0.1,0.42758266561060915,0.3440802920430246,0.1,0 days 00:00:00.257085
601,0.6,0.0,svd,0.2,0.46721740139311807,0.3789262657485945,0.1,0 days 00:00:00.399038
602,0.6,0.0,svd,0.4,0.4083901494260317,0.3171348122691582,0.1,0 days 00:00:00.832438
603,0.6,0.0,svd,0.6,0.43680227705684826,0.3481397507068414,0.1,0 days 00:00:01.254004
604,0.6,0.0,svd,0.8,0.4217214631725244,0.33604377702869426,0.1,0 days 00:00:01.545155
605,0.6,0.0,svd,1.0,0.3863907411357242,0.30639389746651674,0.1,0 days 00:00:01.914620
606,0.6,0.1,svd,0.1,0.34748705662738055,0.2791701977808889,0.1,0 days 00:00:00.213978
607,0.6,0.1,svd,0.2,0.3108308518519547,0.24450203610218624,0.1,0 days 00:00:00.389413
608,0.6,0.1,svd,0.4,0.32521231281205015,0.268603054642638,0.1,0 days 00:00:00.689580
609,0.6,0.1,svd,0.6,0.30904406317904576,0.24716554480984476,0.1,0 days 00:00:01.150458
610,0.6,0.1,svd,0.8,0.3046815529973841,0.24211697472020066,0.1,0 days 00:00:02.057590
611,0.6,0.1,svd,1.0,0.30997121132123,0.24491017185871364,0.1,0 days 00:00:01.754332
612,0.6,0.2,svd,0.1,0.2312883014998388,0.17821906126201065,0.1,0 days 00:00:00.246901
613,0.6,0.2,svd,0.2,0.23646333964957286,0.18724174342653313,0.1,0 days 00:00:00.361175
614,0.6,0.2,svd,0.4,0.22922983340285305,0.1796976100773556,0.1,0 days 00:00:00.734427
615,0.6,0.2,svd,0.6,0.21695732049848476,0.17080758239273258,0.1,0 days 00:00:01.140917
616,0.6,0.2,svd,0.8,0.21009808589118248,0.16948958905933703,0.1,0 days 00:00:01.527998
617,0.6,0.2,svd,1.0,0.21193742484909797,0.16755009108831517,0.1,0 days 00:00:01.768760
618,0.6,0.3,svd,0.1,0.11673171821139464,0.0931491557947104,0.1,0 days 00:00:00.225775
619,0.6,0.3,svd,0.2,0.14461827283085218,0.11450036021985753,0.1,0 days 00:00:00.428743
620,0.6,0.3,svd,0.4,0.13877747706315752,0.11210834070149427,0.1,0 days 00:00:00.737863
621,0.6,0.3,svd,0.6,0.13283640912850692,0.10778938201967535,0.1,0 days 00:00:01.104730
622,0.6,0.3,svd,0.8,0.11971730174352875,0.09494074218279316,0.1,0 days 00:00:01.483096
623,0.6,0.3,svd,1.0,0.12143364701251912,0.09894655134788974,0.1,0 days 00:00:01.957651
624,0.7,0.0,svd,0.1,0.3474561522293171,0.27906631021453715,0.1,0 days 00:00:00.195369
625,0.7,0.0,svd,0.2,0.31083078805362496,0.24451317181426455,0.1,0 days 00:00:00.369917
626,0.7,0.0,svd,0.4,0.32521938561637725,0.26860594062615367,0.1,0 days 00:00:00.716169
627,0.7,0.0,svd,0.6,0.3090419336744892,0.2471623211469425,0.1,0 days 00:00:01.221480
628,0.7,0.0,svd,0.8,0.30468336358303993,0.2421183302448031,0.1,0 days 00:00:01.820717
629,0.7,0.0,svd,1.0,0.3099717841007557,0.24491000509579863,0.1,0 days 00:00:01.811614
630,0.7,0.1,svd,0.1,0.23133788510876296,0.17829801612235,0.1,0 days 00:00:00.193322
631,0.7,0.1,svd,0.2,0.23643959078144997,0.18725382965651463,0.1,0 days 00:00:00.387223
632,0.7,0.1,svd,0.4,0.22922296734169392,0.17969081334138565,0.1,0 days 00:00:00.719694
633,0.7,0.1,svd,0.6,0.21695705953483835,0.1708098097224911,0.1,0 days 00:00:01.171323
634,0.7,0.1,svd,0.8,0.2100969920829027,0.1694895549843108,0.1,0 days 00:00:01.507083
635,0.7,0.1,svd,1.0,0.2119390508528511,0.16755234970006613,0.1,0 days 00:00:01.853031
636,0.7,0.2,svd,0.1,0.11677683265362743,0.09323916173317415,0.1,0 days 00:00:00.209144
637,0.7,0.2,svd,0.2,0.14461931049340046,0.11447601106922162,0.1,0 days 00:00:00.430840
638,0.7,0.2,svd,0.4,0.1387817586836536,0.11211239822633765,0.1,0 days 00:00:00.780893
639,0.7,0.2,svd,0.6,0.1328381109969579,0.10778945651923375,0.1,0 days 00:00:01.146531
640,0.7,0.2,svd,0.8,0.11971642549957873,0.09494028081915282,0.1,0 days 00:00:01.511447
641,0.7,0.2,svd,1.0,0.12143371286303155,0.0989473905128971,0.1,0 days 00:00:01.918501
642,0.8,0.0,svd,0.1,0.20003462032983232,0.16474197050405412,0.1,0 days 00:00:00.220301
643,0.8,0.0,svd,0.2,0.2191295046351927,0.17665934423678217,0.1,0 days 00:00:00.270635
644,0.8,0.0,svd,0.4,0.2152984305810116,0.16960786247295023,0.1,0 days 00:00:00.413780
645,0.8,0.0,svd,0.6,0.21053922202259132,0.16796694646899227,0.1,0 days 00:00:00.558615
646,0.8,0.0,svd,0.8,0.2134606583503609,0.16946491181156728,0.1,0 days 00:00:00.805159
647,0.8,0.0,svd,1.0,0.21241891747800798,0.16703757605131778,0.1,0 days 00:00:00.990888
648,0.8,0.1,svd,0.1,0.13964012830061798,0.1119899451300559,0.1,0 days 00:00:00.134394
649,0.8,0.1,svd,0.2,0.1451421052261764,0.11319944679722918,0.1,0 days 00:00:00.179855
650,0.8,0.1,svd,0.4,0.1247242129549192,0.09997314169817746,0.1,0 days 00:00:00.292168
651,0.8,0.1,svd,0.6,0.1274284597342618,0.10158074295942933,0.1,0 days 00:00:00.464728
652,0.8,0.1,svd,0.8,0.12156283547929501,0.09733184406013633,0.1,0 days 00:00:00.591245
653,0.8,0.1,svd,1.0,0.11729594921953455,0.0926949897568513,0.1,0 days 00:00:00.755691
654,0.9,0.0,svd,0.1,0.1196046831558319,0.09664865542738132,0.1,0 days 00:00:00.207047
655,0.9,0.0,svd,0.2,0.13252597634098054,0.10626084825510546,0.1,0 days 00:00:00.286597
656,0.9,0.0,svd,0.4,0.1274117659404551,0.10056225228533489,0.1,0 days 00:00:00.410038
657,0.9,0.0,svd,0.6,0.12390019330969218,0.09731818798726156,0.1,0 days 00:00:00.567544
658,0.9,0.0,svd,0.8,0.12017936968936971,0.09535395741676136,0.1,0 days 00:00:00.799908
659,0.9,0.0,svd,1.0,0.11795599215293005,0.09267498970395904,0.1,0 days 00:00:01.010607
660,0.0,0.0,knn,0.1,1.0251439646889886,0.8624818777863704,0.1,0 days 00:00:00.075072
661,0.0,0.0,knn,0.2,1.0698875511832937,0.8355924458959033,0.1,0 days 00:00:00.082336
662,0.0,0.0,knn,0.4,1.0658126915321773,0.8487145934879456,0.1,0 days 00:00:00.199832
663,0.0,0.0,knn,0.6,0.9675191927695019,0.7603145398892492,0.1,0 days 00:00:00.283953
664,0.0,0.0,knn,0.8,1.0002363028560624,0.7980457710211539,0.1,0 days 00:00:00.396140
665,0.0,0.0,knn,1.0,1.0179175037537278,0.8151377001483654,0.1,0 days 00:00:00.600915
666,0.0,0.1,knn,0.1,0.8733652352141863,0.7232634522850736,0.1,0 days 00:00:00.053787
667,0.0,0.1,knn,0.2,0.8529918581450818,0.692237979654804,0.1,0 days 00:00:00.100583
668,0.0,0.1,knn,0.4,0.8958759987326501,0.7047699500194875,0.1,0 days 00:00:00.176580
669,0.0,0.1,knn,0.6,0.8463013973292416,0.690175807040924,0.1,0 days 00:00:00.294416
670,0.0,0.1,knn,0.8,0.8839582782881039,0.7060896153332683,0.1,0 days 00:00:00.430411
671,0.0,0.1,knn,1.0,0.8861506180953295,0.7044785753345896,0.1,0 days 00:00:00.573759
672,0.0,0.2,knn,0.1,0.7920626068068065,0.6196975950361822,0.1,0 days 00:00:00.082694
673,0.0,0.2,knn,0.2,0.8774032835797981,0.7006499174089896,0.1,0 days 00:00:00.097652
674,0.0,0.2,knn,0.4,0.7647145801214343,0.6205552244549217,0.1,0 days 00:00:00.152420
675,0.0,0.2,knn,0.6,0.7946434779360814,0.6198059385073844,0.1,0 days 00:00:00.277752
676,0.0,0.2,knn,0.8,0.7515820408242561,0.6118555280288063,0.1,0 days 00:00:00.369454
677,0.0,0.2,knn,1.0,0.8103177686946628,0.6430174443631934,0.1,0 days 00:00:00.561679
678,0.0,0.3,knn,0.1,0.8067660476702037,0.6669238435632123,0.1,0 days 00:00:00.081682
679,0.0,0.3,knn,0.2,0.7086355523196468,0.5712218571251152,0.1,0 days 00:00:00.071123
680,0.0,0.3,knn,0.4,0.7062840046209413,0.5648996684960722,0.1,0 days 00:00:00.161700
681,0.0,0.3,knn,0.6,0.6979047524317638,0.5421262412555572,0.1,0 days 00:00:00.306754
682,0.0,0.3,knn,0.8,0.7189098780382317,0.5744286607772324,0.1,0 days 00:00:00.422961
683,0.0,0.3,knn,1.0,0.7150192629640656,0.5774244609896326,0.1,0 days 00:00:00.569479
684,0.0,0.4,knn,0.1,0.6200490677950353,0.5095091807769497,0.1,0 days 00:00:00.085269
685,0.0,0.4,knn,0.2,0.5674286128872221,0.4574480540759753,0.1,0 days 00:00:00.097584
686,0.0,0.4,knn,0.4,0.6157029373580748,0.48443599535804976,0.1,0 days 00:00:00.191416
687,0.0,0.4,knn,0.6,0.5994756991419664,0.4727356297898902,0.1,0 days 00:00:00.270677
688,0.0,0.4,knn,0.8,0.604472324205969,0.480875565012788,0.1,0 days 00:00:00.438693
689,0.0,0.4,knn,1.0,0.6075314288595227,0.4874633514359078,0.1,0 days 00:00:00.597943
690,0.0,0.5,knn,0.1,0.5581366496629885,0.4485647567633849,0.1,0 days 00:00:00.057099
691,0.0,0.5,knn,0.2,0.5162096910729151,0.42127198812045163,0.1,0 days 00:00:00.070394
692,0.0,0.5,knn,0.4,0.5050053005006828,0.41030519815648353,0.1,0 days 00:00:00.200032
693,0.0,0.5,knn,0.6,0.5278823370895239,0.4215257170880528,0.1,0 days 00:00:00.309978
694,0.0,0.5,knn,0.8,0.5026208649142018,0.3995681891617032,0.1,0 days 00:00:00.397679
695,0.0,0.5,knn,1.0,0.4859235288031129,0.385735556813657,0.1,0 days 00:00:00.690030
696,0.0,0.6,knn,0.1,0.4501946626035283,0.3800073942975874,0.1,0 days 00:00:00.085317
697,0.0,0.6,knn,0.2,0.36466586663187206,0.2962830617001657,0.1,0 days 00:00:00.070050
698,0.0,0.6,knn,0.4,0.41353746578637385,0.33313052906104595,0.1,0 days 00:00:00.190869
699,0.0,0.6,knn,0.6,0.4130268080030947,0.3233813869141543,0.1,0 days 00:00:00.289536
700,0.0,0.6,knn,0.8,0.41000808997307897,0.3319867953283216,0.1,0 days 00:00:00.400146
701,0.0,0.6,knn,1.0,0.4054082500169669,0.32342233395709646,0.1,0 days 00:00:00.620828
702,0.0,0.7,knn,0.1,0.32907722483773677,0.2646801294285501,0.1,0 days 00:00:00.068108
703,0.0,0.7,knn,0.2,0.3213140294178944,0.2695418743144033,0.1,0 days 00:00:00.083634
704,0.0,0.7,knn,0.4,0.2920911585725459,0.2373021946228141,0.1,0 days 00:00:00.174978
705,0.0,0.7,knn,0.6,0.3030027995124135,0.24074912824642164,0.1,0 days 00:00:00.252669
706,0.0,0.7,knn,0.8,0.30619826261462313,0.24115454480505513,0.1,0 days 00:00:00.403864
707,0.0,0.7,knn,1.0,0.30017582617905925,0.23933248047492325,0.1,0 days 00:00:00.545246
708,0.0,0.8,knn,0.1,0.218991864265082,0.1784165212088958,0.1,0 days 00:00:00.059905
709,0.0,0.8,knn,0.2,0.21613821970162728,0.17325555831838862,0.1,0 days 00:00:00.078747
710,0.0,0.8,knn,0.4,0.19728241000183497,0.15929280689793487,0.1,0 days 00:00:00.130010
711,0.0,0.8,knn,0.6,0.20746661093685367,0.1646351003481756,0.1,0 days 00:00:00.292468
712,0.0,0.8,knn,0.8,0.19633829949607606,0.15605011519050704,0.1,0 days 00:00:00.404405
713,0.0,0.8,knn,1.0,0.20463710395604523,0.16105960700138036,0.1,0 days 00:00:00.540514
714,0.0,0.9,knn,0.1,0.10292709529100608,0.0845881488012075,0.1,0 days 00:00:00.061213
715,0.0,0.9,knn,0.2,0.1035436471182642,0.08379258795868942,0.1,0 days 00:00:00.084270
716,0.0,0.9,knn,0.4,0.10548336509337282,0.08647246169099235,0.1,0 days 00:00:00.134020
717,0.0,0.9,knn,0.6,0.10360709572421528,0.08268348277910931,0.1,0 days 00:00:00.244523
718,0.0,0.9,knn,0.8,0.10266596782537209,0.0819215263374754,0.1,0 days 00:00:00.380387
719,0.0,0.9,knn,1.0,0.09938100920007181,0.07868645918896376,0.1,0 days 00:00:00.512730
720,0.1,0.0,knn,0.1,0.9252328878172307,0.7767382803395845,0.1,0 days 00:00:00.072119
721,0.1,0.0,knn,0.2,0.964623458581666,0.7537277843253096,0.1,0 days 00:00:00.088757
722,0.1,0.0,knn,0.4,0.9600827286130623,0.7646226225526709,0.1,0 days 00:00:00.176257
723,0.1,0.0,knn,0.6,0.8692492000322808,0.6840529570109014,0.1,0 days 00:00:00.296087
724,0.1,0.0,knn,0.8,0.9031849545800672,0.72222369389353,0.1,0 days 00:00:00.418157
725,0.1,0.0,knn,1.0,0.9154263608774325,0.7339825920898828,0.1,0 days 00:00:00.547561
726,0.1,0.1,knn,0.1,0.7768351372809451,0.6479567489401145,0.1,0 days 00:00:00.076846
727,0.1,0.1,knn,0.2,0.7598260125056695,0.6157462885048175,0.1,0 days 00:00:00.065690
728,0.1,0.1,knn,0.4,0.7990099925480401,0.6265377363694886,0.1,0 days 00:00:00.148272
729,0.1,0.1,knn,0.6,0.7572494736827349,0.6162014357387291,0.1,0 days 00:00:00.331264
730,0.1,0.1,knn,0.8,0.7871832290208928,0.62956411574529,0.1,0 days 00:00:00.428825
731,0.1,0.1,knn,1.0,0.790885835961164,0.629470038159428,0.1,0 days 00:00:00.575969
732,0.1,0.2,knn,0.1,0.705616960917302,0.5498004558013583,0.1,0 days 00:00:00.084152
733,0.1,0.2,knn,0.2,0.7665927890207485,0.6097593020746739,0.1,0 days 00:00:00.099685
734,0.1,0.2,knn,0.4,0.6721375444068614,0.5445852819665291,0.1,0 days 00:00:00.169822
735,0.1,0.2,knn,0.6,0.6977828300011614,0.5431435805005185,0.1,0 days 00:00:00.275988
736,0.1,0.2,knn,0.8,0.661816373005083,0.5383803828313437,0.1,0 days 00:00:00.372417
737,0.1,0.2,knn,1.0,0.7114096995401686,0.5653460037684622,0.1,0 days 00:00:00.591965
738,0.1,0.3,knn,0.1,0.6996186471292303,0.577059686104725,0.1,0 days 00:00:00.057524
739,0.1,0.3,knn,0.2,0.6173206189593033,0.4978190984869916,0.1,0 days 00:00:00.099097
740,0.1,0.3,knn,0.4,0.6046450464031603,0.4833746673881898,0.1,0 days 00:00:00.155323
741,0.1,0.3,knn,0.6,0.5993395682263132,0.4656551114963536,0.1,0 days 00:00:00.287280
742,0.1,0.3,knn,0.8,0.6169202686951466,0.4931030236367171,0.1,0 days 00:00:00.432147
743,0.1,0.3,knn,1.0,0.6141989211085458,0.4962621153806851,0.1,0 days 00:00:00.597371
744,0.1,0.4,knn,0.1,0.5211804402502275,0.4317432227654395,0.1,0 days 00:00:00.057841
745,0.1,0.4,knn,0.2,0.4758591931770399,0.3830911689300683,0.1,0 days 00:00:00.113720
746,0.1,0.4,knn,0.4,0.5131495915424015,0.4037732227009797,0.1,0 days 00:00:00.151853
747,0.1,0.4,knn,0.6,0.49956294118993816,0.39404409184842676,0.1,0 days 00:00:00.264317
748,0.1,0.4,knn,0.8,0.503876964315964,0.40090336719175196,0.1,0 days 00:00:00.425690
749,0.1,0.4,knn,1.0,0.5063676366546431,0.4063791872392015,0.1,0 days 00:00:00.623610
750,0.1,0.5,knn,0.1,0.45314350698648476,0.36097704107765344,0.1,0 days 00:00:00.065216
751,0.1,0.5,knn,0.2,0.4131319375494514,0.336930655900191,0.1,0 days 00:00:00.095496
752,0.1,0.5,knn,0.4,0.4040663925087375,0.32823009453954943,0.1,0 days 00:00:00.165674
753,0.1,0.5,knn,0.6,0.4223417991592056,0.3372812230156196,0.1,0 days 00:00:00.326860
754,0.1,0.5,knn,0.8,0.40207994233475497,0.3196443732973718,0.1,0 days 00:00:00.429848
755,0.1,0.5,knn,1.0,0.3887289710988009,0.3085795038412575,0.1,0 days 00:00:00.629078
756,0.1,0.6,knn,0.1,0.33802227839648913,0.2852943030753485,0.1,0 days 00:00:00.071225
757,0.1,0.6,knn,0.2,0.2729991794340537,0.2215445472828411,0.1,0 days 00:00:00.074689
758,0.1,0.6,knn,0.4,0.31007425052845466,0.24982515547870146,0.1,0 days 00:00:00.155044
759,0.1,0.6,knn,0.6,0.30980257713505027,0.24254090203687534,0.1,0 days 00:00:00.323863
760,0.1,0.6,knn,0.8,0.30754546878360695,0.24903833959381635,0.1,0 days 00:00:00.416073
761,0.1,0.6,knn,1.0,0.3041148486104584,0.2426065692615996,0.1,0 days 00:00:00.670657
762,0.1,0.7,knn,0.1,0.22232427324350773,0.17681063431482635,0.1,0 days 00:00:00.059953
763,0.1,0.7,knn,0.2,0.21425927803523137,0.17980622034666904,0.1,0 days 00:00:00.084814
764,0.1,0.7,knn,0.4,0.1947140763990277,0.15821948693903776,0.1,0 days 00:00:00.163878
765,0.1,0.7,knn,0.6,0.20198098294961478,0.16047563399769685,0.1,0 days 00:00:00.249955
766,0.1,0.7,knn,0.8,0.20411747783146664,0.1607679042164144,0.1,0 days 00:00:00.424270
767,0.1,0.7,knn,1.0,0.20010311717400972,0.15953919886794296,0.1,0 days 00:00:00.488311
768,0.1,0.8,knn,0.1,0.1094059512278061,0.08909348829452968,0.1,0 days 00:00:00.071704
769,0.1,0.8,knn,0.2,0.1079871297909981,0.08655120946767646,0.1,0 days 00:00:00.076317
770,0.1,0.8,knn,0.4,0.09862571111997163,0.07964856528679888,0.1,0 days 00:00:00.133951
771,0.1,0.8,knn,0.6,0.10373313287915484,0.0823185498562859,0.1,0 days 00:00:00.319509
772,0.1,0.8,knn,0.8,0.09815699680126064,0.07801958629545293,0.1,0 days 00:00:00.377854
773,0.1,0.8,knn,1.0,0.10232101813763597,0.08053218390439514,0.1,0 days 00:00:00.524714
774,0.2,0.0,knn,0.1,0.8272165107666604,0.692640424563299,0.1,0 days 00:00:00.081876
775,0.2,0.0,knn,0.2,0.8610970938473065,0.6720426407958123,0.1,0 days 00:00:00.096201
776,0.2,0.0,knn,0.4,0.854445555720437,0.6806897157321872,0.1,0 days 00:00:00.184405
777,0.2,0.0,knn,0.6,0.7721681256141886,0.6082058411399303,0.1,0 days 00:00:00.297517
778,0.2,0.0,knn,0.8,0.8064609197228444,0.6454236606463268,0.1,0 days 00:00:00.421887
779,0.2,0.0,knn,1.0,0.814823451534571,0.653921167216464,0.1,0 days 00:00:00.534916
780,0.2,0.1,knn,0.1,0.683624211739883,0.5725950556744849,0.1,0 days 00:00:00.059994
781,0.2,0.1,knn,0.2,0.6701063334261742,0.544827640087465,0.1,0 days 00:00:00.082193
782,0.2,0.1,knn,0.4,0.7019465577400342,0.5504032467133072,0.1,0 days 00:00:00.151839
783,0.2,0.1,knn,0.6,0.6661040447765639,0.5418283708554784,0.1,0 days 00:00:00.330574
784,0.2,0.1,knn,0.8,0.6900672235185,0.551839860780581,0.1,0 days 00:00:00.431184
785,0.2,0.1,knn,1.0,0.6950727282266081,0.5530750262753213,0.1,0 days 00:00:00.570802
786,0.2,0.2,knn,0.1,0.6181629502208347,0.47908017705123684,0.1,0 days 00:00:00.084080
787,0.2,0.2,knn,0.2,0.6585277742387707,0.5211691369604857,0.1,0 days 00:00:00.100040
788,0.2,0.2,knn,0.4,0.5774816277512538,0.4677550009692456,0.1,0 days 00:00:00.155098
789,0.2,0.2,knn,0.6,0.5990926340133645,0.4654592295217073,0.1,0 days 00:00:00.271504
790,0.2,0.2,knn,0.8,0.5678921926345029,0.46177586336524484,0.1,0 days 00:00:00.439304
791,0.2,0.2,knn,1.0,0.6109381728598193,0.4857730430591803,0.1,0 days 00:00:00.582765
792,0.2,0.3,knn,0.1,0.5881677352404435,0.4859243737987654,0.1,0 days 00:00:00.044050
793,0.2,0.3,knn,0.2,0.5214302699898126,0.4203900652436169,0.1,0 days 00:00:00.100581
794,0.2,0.3,knn,0.4,0.5037918056076266,0.4026591420244012,0.1,0 days 00:00:00.156814
795,0.2,0.3,knn,0.6,0.49949412871805976,0.38811614110469045,0.1,0 days 00:00:00.315984
796,0.2,0.3,knn,0.8,0.514183823867621,0.4110403999423282,0.1,0 days 00:00:00.422889
797,0.2,0.3,knn,1.0,0.5121795824355817,0.4138311700443887,0.1,0 days 00:00:00.572086
798,0.2,0.4,knn,0.1,0.4201105009827534,0.34647047189584057,0.1,0 days 00:00:00.060809
799,0.2,0.4,knn,0.2,0.3809158894899832,0.30658015411489964,0.1,0 days 00:00:00.116089
800,0.2,0.4,knn,0.4,0.4105128691022789,0.3230079571728603,0.1,0 days 00:00:00.145961
801,0.2,0.4,knn,0.6,0.3996613197611697,0.3152703296817289,0.1,0 days 00:00:00.267480
802,0.2,0.4,knn,0.8,0.4030826234603107,0.32068615509513776,0.1,0 days 00:00:00.461111
803,0.2,0.4,knn,1.0,0.40510510378031495,0.32511684834105714,0.1,0 days 00:00:00.573124
804,0.2,0.5,knn,0.1,0.33864940109066016,0.27034497889813985,0.1,0 days 00:00:00.061452
805,0.2,0.5,knn,0.2,0.309920811907631,0.2525809808733798,0.1,0 days 00:00:00.084543
806,0.2,0.5,knn,0.4,0.3031078519789855,0.2461717745389262,0.1,0 days 00:00:00.178301
807,0.2,0.5,knn,0.6,0.31679585096893176,0.2530322027932927,0.1,0 days 00:00:00.295824
808,0.2,0.5,knn,0.8,0.30156530198121195,0.23975403504397172,0.1,0 days 00:00:00.350946
809,0.2,0.5,knn,1.0,0.2915436977017005,0.23137777823967884,0.1,0 days 00:00:00.672977
810,0.2,0.6,knn,0.1,0.22507988551902372,0.1899626634556036,0.1,0 days 00:00:00.050536
811,0.2,0.6,knn,0.2,0.1817049431449437,0.1473003344083241,0.1,0 days 00:00:00.093700
812,0.2,0.6,knn,0.4,0.20668234075742717,0.1665445254985911,0.1,0 days 00:00:00.152684
813,0.2,0.6,knn,0.6,0.20651775482849946,0.16168124603480355,0.1,0 days 00:00:00.332476
814,0.2,0.6,knn,0.8,0.20502520725614146,0.16603455082237695,0.1,0 days 00:00:00.393540
815,0.2,0.6,knn,1.0,0.20276225320525285,0.1617345299820839,0.1,0 days 00:00:00.618620
816,0.2,0.7,knn,0.1,0.11086588182659478,0.08814229103092273,0.1,0 days 00:00:00.075212
817,0.2,0.7,knn,0.2,0.10713619986642318,0.08992340725269778,0.1,0 days 00:00:00.086898
818,0.2,0.7,knn,0.4,0.09735744207567538,0.07912274354861439,0.1,0 days 00:00:00.149537
819,0.2,0.7,knn,0.6,0.10099334594206806,0.08023722817847949,0.1,0 days 00:00:00.316427
820,0.2,0.7,knn,0.8,0.10204380969357005,0.08037070899274389,0.1,0 days 00:00:00.417120
821,0.2,0.7,knn,1.0,0.1000560671802601,0.07977377569255324,0.1,0 days 00:00:00.520077
822,0.3,0.0,knn,0.1,0.7303582558773535,0.6093214847524029,0.1,0 days 00:00:00.075888
823,0.3,0.0,knn,0.2,0.7580296340980823,0.5895503222655237,0.1,0 days 00:00:00.089474
824,0.3,0.0,knn,0.4,0.7486043723054472,0.5964371075398531,0.1,0 days 00:00:00.157390
825,0.3,0.0,knn,0.6,0.6754897254011482,0.5312666231146028,0.1,0 days 00:00:00.299107
826,0.3,0.0,knn,0.8,0.7067090621858767,0.5657929275390782,0.1,0 days 00:00:00.396118
827,0.3,0.0,knn,1.0,0.7138204167285157,0.5728750502714547,0.1,0 days 00:00:00.581044
828,0.3,0.1,knn,0.1,0.5917478937074356,0.49839047057433783,0.1,0 days 00:00:00.068233
829,0.3,0.1,knn,0.2,0.5760974206073154,0.46872054165374066,0.1,0 days 00:00:00.095602
830,0.3,0.1,knn,0.4,0.6036233802228,0.47294403985701305,0.1,0 days 00:00:00.153980
831,0.3,0.1,knn,0.6,0.5711370212683651,0.4648084452733288,0.1,0 days 00:00:00.317117
832,0.3,0.1,knn,0.8,0.5916350052413877,0.472951132774743,0.1,0 days 00:00:00.420905
833,0.3,0.1,knn,1.0,0.5965167849872373,0.474554679418491,0.1,0 days 00:00:00.581699
834,0.3,0.2,knn,0.1,0.5275576830170823,0.4047697701020619,0.1,0 days 00:00:00.070549
835,0.3,0.2,knn,0.2,0.5487230126894743,0.43352265035494497,0.1,0 days 00:00:00.091188
836,0.3,0.2,knn,0.4,0.48157471095020243,0.38992253624592876,0.1,0 days 00:00:00.157355
837,0.3,0.2,knn,0.6,0.49932030440584535,0.38791833120639096,0.1,0 days 00:00:00.278625
838,0.3,0.2,knn,0.8,0.47323010077133326,0.38481241567954294,0.1,0 days 00:00:00.401221
839,0.3,0.2,knn,1.0,0.5092891189501719,0.40500797943495487,0.1,0 days 00:00:00.577513
840,0.3,0.3,knn,0.1,0.47509825309267684,0.39013967871377736,0.1,0 days 00:00:00.053000
841,0.3,0.3,knn,0.2,0.4176635758539028,0.3364020315940223,0.1,0 days 00:00:00.103434
842,0.3,0.3,knn,0.4,0.4030329977633797,0.3219859660584648,0.1,0 days 00:00:00.159773
843,0.3,0.3,knn,0.6,0.3995966195285269,0.31051003347310757,0.1,0 days 00:00:00.310993
844,0.3,0.3,knn,0.8,0.4113256906904743,0.3287935193892278,0.1,0 days 00:00:00.422351
845,0.3,0.3,knn,1.0,0.409761228308967,0.33107245756013287,0.1,0 days 00:00:00.543055
846,0.3,0.4,knn,0.1,0.31420608854731674,0.2586836806935838,0.1,0 days 00:00:00.058459
847,0.3,0.4,knn,0.2,0.2857467451482372,0.22990003730595898,0.1,0 days 00:00:00.090474
848,0.3,0.4,knn,0.4,0.30788059907494936,0.24224074540769108,0.1,0 days 00:00:00.198000
849,0.3,0.4,knn,0.6,0.29976456305182153,0.23649236613529187,0.1,0 days 00:00:00.252413
850,0.3,0.4,knn,0.8,0.3023680904176959,0.24057274695299313,0.1,0 days 00:00:00.391713
851,0.3,0.4,knn,1.0,0.3039414131539564,0.24388691839294174,0.1,0 days 00:00:00.595635
852,0.3,0.5,knn,0.1,0.22488223202821833,0.17927991142752592,0.1,0 days 00:00:00.069486
853,0.3,0.5,knn,0.2,0.20669847941408967,0.16838012136818137,0.1,0 days 00:00:00.077438
854,0.3,0.5,knn,0.4,0.20211323400730336,0.16411320403577315,0.1,0 days 00:00:00.177496
855,0.3,0.5,knn,0.6,0.21122281638277732,0.16872825006757602,0.1,0 days 00:00:00.289818
856,0.3,0.5,knn,0.8,0.2010540971569296,0.159852730205019,0.1,0 days 00:00:00.400853
857,0.3,0.5,knn,1.0,0.1943831317638897,0.15426605319424294,0.1,0 days 00:00:00.642471
858,0.3,0.6,knn,0.1,0.11253168176453186,0.09495987501561273,0.1,0 days 00:00:00.058939
859,0.3,0.6,knn,0.2,0.0907508862960969,0.07350743037173839,0.1,0 days 00:00:00.064199
860,0.3,0.6,knn,0.4,0.10334876263135183,0.08328382525727568,0.1,0 days 00:00:00.148045
861,0.3,0.6,knn,0.6,0.10326540263114392,0.08085640178607102,0.1,0 days 00:00:00.340482
862,0.3,0.6,knn,0.8,0.102511579422762,0.08302204740153449,0.1,0 days 00:00:00.405533
863,0.3,0.6,knn,1.0,0.1014084080422914,0.08086423222597512,0.1,0 days 00:00:00.543513
864,0.4,0.0,knn,0.1,0.6284599066494464,0.5125512305279455,0.1,0 days 00:00:00.049423
865,0.4,0.0,knn,0.2,0.6413417095453408,0.5365891830240158,0.1,0 days 00:00:00.094496
866,0.4,0.0,knn,0.4,0.5847163332630168,0.47484696856956515,0.1,0 days 00:00:00.195351
867,0.4,0.0,knn,0.6,0.6061672926519674,0.48165436107903986,0.1,0 days 00:00:00.266947
868,0.4,0.0,knn,0.8,0.6123432323476109,0.48212606222741117,0.1,0 days 00:00:00.335572
869,0.4,0.0,knn,1.0,0.6003307885592034,0.4786963953922558,0.1,0 days 00:00:00.568531
870,0.4,0.1,knn,0.1,0.5319266095767677,0.43011114038764137,0.1,0 days 00:00:00.095115
871,0.4,0.1,knn,0.2,0.5423689938457189,0.4349770131243326,0.1,0 days 00:00:00.073218
872,0.4,0.1,knn,0.4,0.49362981552837576,0.3981858731800331,0.1,0 days 00:00:00.164888
873,0.4,0.1,knn,0.6,0.5187557279225652,0.41172208359967155,0.1,0 days 00:00:00.263981
874,0.4,0.1,knn,0.8,0.4908755602009406,0.39005500567148205,0.1,0 days 00:00:00.424246
875,0.4,0.1,knn,1.0,0.5115988951726189,0.4025742946849821,0.1,0 days 00:00:00.551133
876,0.4,0.2,knn,0.1,0.4091400098471308,0.33640828901824965,0.1,0 days 00:00:00.049263
877,0.4,0.2,knn,0.2,0.4136990952834528,0.3341071888970194,0.1,0 days 00:00:00.057285
878,0.4,0.2,knn,0.4,0.42166674310247443,0.34535909695311057,0.1,0 days 00:00:00.132022
879,0.4,0.2,knn,0.6,0.4144186144917464,0.33069537938255333,0.1,0 days 00:00:00.306541
880,0.4,0.2,knn,0.8,0.41066474055144164,0.32771979098233933,0.1,0 days 00:00:00.374317
881,0.4,0.2,knn,1.0,0.39751484778568524,0.3147597169269192,0.1,0 days 00:00:00.530842
882,0.4,0.3,knn,0.1,0.3213923266141697,0.2601244415903504,0.1,0 days 00:00:00.049648
883,0.4,0.3,knn,0.2,0.3074328172040942,0.24464417894818738,0.1,0 days 00:00:00.100187
884,0.4,0.3,knn,0.4,0.30621932662478213,0.24621488718034393,0.1,0 days 00:00:00.151465
885,0.4,0.3,knn,0.6,0.32214823623986,0.256059028762383,0.1,0 days 00:00:00.262651
886,0.4,0.3,knn,0.8,0.2950569870615514,0.23751426211727955,0.1,0 days 00:00:00.397590
887,0.4,0.3,knn,1.0,0.301465442285827,0.23815249070744923,0.1,0 days 00:00:00.513804
888,0.4,0.4,knn,0.1,0.21111170084943756,0.1711832369678083,0.1,0 days 00:00:00.047699
889,0.4,0.4,knn,0.2,0.21998577801999808,0.17452086250686566,0.1,0 days 00:00:00.060767
890,0.4,0.4,knn,0.4,0.2084570585502481,0.16601565468839696,0.1,0 days 00:00:00.139821
891,0.4,0.4,knn,0.6,0.1953843210015188,0.1531524257323822,0.1,0 days 00:00:00.252542
892,0.4,0.4,knn,0.8,0.19322586855489787,0.15514943753588917,0.1,0 days 00:00:00.412810
893,0.4,0.4,knn,1.0,0.20092631100326808,0.15958619545659158,0.1,0 days 00:00:00.530819
894,0.4,0.5,knn,0.1,0.10318511402733717,0.08414492380638812,0.1,0 days 00:00:00.061668
895,0.4,0.5,knn,0.2,0.10549069014963666,0.08280715198099461,0.1,0 days 00:00:00.068847
896,0.4,0.5,knn,0.4,0.09821483119409516,0.07745500432479611,0.1,0 days 00:00:00.163756
897,0.4,0.5,knn,0.6,0.0985877923887223,0.07823768165636832,0.1,0 days 00:00:00.244694
898,0.4,0.5,knn,0.8,0.0991071006815564,0.0797974520913372,0.1,0 days 00:00:00.389540
899,0.4,0.5,knn,1.0,0.10115347421075199,0.08110916211065247,0.1,0 days 00:00:00.528482
900,0.5,0.0,knn,0.1,0.5342307435795087,0.4330921438963389,0.1,0 days 00:00:00.066552
901,0.5,0.0,knn,0.2,0.5423705712524924,0.43498080901442976,0.1,0 days 00:00:00.074273
902,0.5,0.0,knn,0.4,0.4936261470138837,0.3981831593782543,0.1,0 days 00:00:00.151588
903,0.5,0.0,knn,0.6,0.5187553875947947,0.41172404307851423,0.1,0 days 00:00:00.292445
904,0.5,0.0,knn,0.8,0.490851869140061,0.39005554051921904,0.1,0 days 00:00:00.388734
905,0.5,0.0,knn,1.0,0.5116140508250997,0.40258275405633687,0.1,0 days 00:00:00.531766
906,0.5,0.1,knn,0.1,0.40885988266655426,0.3361852647700502,0.1,0 days 00:00:00.071470
907,0.5,0.1,knn,0.2,0.4137025080997367,0.33410872938313135,0.1,0 days 00:00:00.076809
908,0.5,0.1,knn,0.4,0.4216703572279357,0.3453602597671189,0.1,0 days 00:00:00.137063
909,0.5,0.1,knn,0.6,0.4143264301290958,0.33061899662971084,0.1,0 days 00:00:00.245013
910,0.5,0.1,knn,0.8,0.41067522728152034,0.3277185088822645,0.1,0 days 00:00:00.386474
911,0.5,0.1,knn,1.0,0.39750448883181627,0.3147617284403466,0.1,0 days 00:00:00.514666
912,0.5,0.2,knn,0.1,0.32156311218124783,0.26023249023352224,0.1,0 days 00:00:00.056325
913,0.5,0.2,knn,0.2,0.3074335718111545,0.2446441092716227,0.1,0 days 00:00:00.079443
914,0.5,0.2,knn,0.4,0.30622097811128773,0.2462142837999885,0.1,0 days 00:00:00.143226
915,0.5,0.2,knn,0.6,0.3221480429974959,0.25605960295856245,0.1,0 days 00:00:00.262269
916,0.5,0.2,knn,0.8,0.2950604057551302,0.2375164170050658,0.1,0 days 00:00:00.378849
917,0.5,0.2,knn,1.0,0.30145533859316154,0.23814394249542734,0.1,0 days 00:00:00.532624
918,0.5,0.3,knn,0.1,0.2111153788793909,0.17118701534018402,0.1,0 days 00:00:00.058872
919,0.5,0.3,knn,0.2,0.21998565068623815,0.17451762257190956,0.1,0 days 00:00:00.086979
920,0.5,0.3,knn,0.4,0.20845754232827082,0.16601321263196714,0.1,0 days 00:00:00.144130
921,0.5,0.3,knn,0.6,0.1953841003016022,0.15314981621050186,0.1,0 days 00:00:00.255120
922,0.5,0.3,knn,0.8,0.19320574577251673,0.15511221181174747,0.1,0 days 00:00:00.361520
923,0.5,0.3,knn,1.0,0.20094071407560748,0.15960303475981186,0.1,0 days 00:00:00.544948
924,0.5,0.4,knn,0.1,0.10318007809207619,0.08414064377559345,0.1,0 days 00:00:00.059995
925,0.5,0.4,knn,0.2,0.1054985783492992,0.08281638014464467,0.1,0 days 00:00:00.063321
926,0.5,0.4,knn,0.4,0.09820993663431522,0.0774495362523979,0.1,0 days 00:00:00.132823
927,0.5,0.4,knn,0.6,0.09860578632263807,0.0782467392265531,0.1,0 days 00:00:00.266333
928,0.5,0.4,knn,0.8,0.0991203879168495,0.07980832725488755,0.1,0 days 00:00:00.363626
929,0.5,0.4,knn,1.0,0.10115649520279463,0.08111326334488786,0.1,0 days 00:00:00.532388
930,0.6,0.0,knn,0.1,0.4085624170961546,0.33592796248270773,0.1,0 days 00:00:00.066026
931,0.6,0.0,knn,0.2,0.4137059292254144,0.33411026995788623,0.1,0 days 00:00:00.076028
932,0.6,0.0,knn,0.4,0.4216739792904695,0.34536147662759364,0.1,0 days 00:00:00.125146
933,0.6,0.0,knn,0.6,0.4143305771046723,0.330624881407857,0.1,0 days 00:00:00.262945
934,0.6,0.0,knn,0.8,0.41068789497388136,0.32772266593537763,0.1,0 days 00:00:00.357103
935,0.6,0.0,knn,1.0,0.39752210449510156,0.31477780641967273,0.1,0 days 00:00:00.532568
936,0.6,0.1,knn,0.1,0.3215695321655111,0.2602333755772345,0.1,0 days 00:00:00.047525
937,0.6,0.1,knn,0.2,0.30743433720215324,0.244644039527657,0.1,0 days 00:00:00.070168
938,0.6,0.1,knn,0.4,0.3062226405895663,0.24621368044699865,0.1,0 days 00:00:00.152335
939,0.6,0.1,knn,0.6,0.3221478598877182,0.2560603261880267,0.1,0 days 00:00:00.257729
940,0.6,0.1,knn,0.8,0.2950573901839314,0.23751446307585936,0.1,0 days 00:00:00.374914
941,0.6,0.1,knn,1.0,0.301480597249601,0.23817444288331274,0.1,0 days 00:00:00.539468
942,0.6,0.2,knn,0.1,0.21111910381501572,0.171190793778129,0.1,0 days 00:00:00.048271
943,0.6,0.2,knn,0.2,0.21998553785109035,0.17451438255628118,0.1,0 days 00:00:00.076575
944,0.6,0.2,knn,0.4,0.20845804203760265,0.1660107705237904,0.1,0 days 00:00:00.142249
945,0.6,0.2,knn,0.6,0.19538438830536825,0.15314850932555377,0.1,0 days 00:00:00.258466
946,0.6,0.2,knn,0.8,0.19321713983076247,0.15510626430067512,0.1,0 days 00:00:00.345026
947,0.6,0.2,knn,1.0,0.20092937061448252,0.15959322773072263,0.1,0 days 00:00:00.480856
948,0.6,0.3,knn,0.1,0.1031750776579523,0.08413636369690317,0.1,0 days 00:00:00.054741
949,0.6,0.3,knn,0.2,0.10550650129233985,0.0828256083142886,0.1,0 days 00:00:00.082202
950,0.6,0.3,knn,0.4,0.09820507571213091,0.07744406816933841,0.1,0 days 00:00:00.147715
951,0.6,0.3,knn,0.6,0.09861546019423914,0.07826787694999887,0.1,0 days 00:00:00.257120
952,0.6,0.3,knn,0.8,0.09913922888226696,0.079822832672651,0.1,0 days 00:00:00.372093
953,0.6,0.3,knn,1.0,0.10114170917428418,0.08110805394181714,0.1,0 days 00:00:00.520885
954,0.7,0.0,knn,0.1,0.3215759794645729,0.26023426083859547,0.1,0 days 00:00:00.056851
955,0.7,0.0,knn,0.2,0.30743511337708496,0.24464396971631885,0.1,0 days 00:00:00.075717
956,0.7,0.0,knn,0.4,0.3062243140593649,0.2462130771213873,0.1,0 days 00:00:00.142729
957,0.7,0.0,knn,0.6,0.3221490918268948,0.2560638360163973,0.1,0 days 00:00:00.266698
958,0.7,0.0,knn,0.8,0.2950545105264233,0.23749005213518293,0.1,0 days 00:00:00.367771
959,0.7,0.0,knn,1.0,0.30147343619457856,0.23816578920658224,0.1,0 days 00:00:00.520521
960,0.7,0.1,knn,0.1,0.21112287565379764,0.171194572281725,0.1,0 days 00:00:00.054284
961,0.7,0.1,knn,0.2,0.21998543951463587,0.1745111424600889,0.1,0 days 00:00:00.081204
962,0.7,0.1,knn,0.4,0.20845855767800034,0.1660083283639031,0.1,0 days 00:00:00.135453
963,0.7,0.1,knn,0.6,0.1953834236959286,0.15315025347272082,0.1,0 days 00:00:00.241598
964,0.7,0.1,knn,0.8,0.19321650477397986,0.15510537428066914,0.1,0 days 00:00:00.406980
965,0.7,0.1,knn,1.0,0.20092375608274782,0.15960597027014875,0.1,0 days 00:00:00.493002
966,0.7,0.2,knn,0.1,0.1031701127304818,0.08413208357065302,0.1,0 days 00:00:00.061647
967,0.7,0.2,knn,0.2,0.10551445897088138,0.08283483648968587,0.1,0 days 00:00:00.062537
968,0.7,0.2,knn,0.4,0.0982002484327639,0.0774386000757879,0.1,0 days 00:00:00.148167
969,0.7,0.2,knn,0.6,0.09861548741976625,0.07827032502405021,0.1,0 days 00:00:00.261852
970,0.7,0.2,knn,0.8,0.09914708944715216,0.07982704594846578,0.1,0 days 00:00:00.373856
971,0.7,0.2,knn,1.0,0.10111965289437586,0.08109927583855538,0.1,0 days 00:00:00.511135
972,0.8,0.0,knn,0.1,0.24277857895773886,0.1944087865514188,0.1,0 days 00:00:00.065554
973,0.8,0.0,knn,0.2,0.1955123706415295,0.15489723235547775,0.1,0 days 00:00:00.056740
974,0.8,0.0,knn,0.4,0.21071789371770053,0.16788425675390442,0.1,0 days 00:00:00.076681
975,0.8,0.0,knn,0.6,0.1962664528667163,0.1581634614045242,0.1,0 days 00:00:00.137044
976,0.8,0.0,knn,0.8,0.19185726208048054,0.15211543688991047,0.1,0 days 00:00:00.196414
977,0.8,0.0,knn,1.0,0.19880734485504434,0.15636370815283365,0.1,0 days 00:00:00.259523
978,0.8,0.1,knn,0.1,0.09814428641312632,0.07594760041276508,0.1,0 days 00:00:00.028791
979,0.8,0.1,knn,0.2,0.10472780763086537,0.08406276297329651,0.1,0 days 00:00:00.032190
980,0.8,0.1,knn,0.4,0.0973101367931033,0.07542011680996398,0.1,0 days 00:00:00.055925
981,0.8,0.1,knn,0.6,0.10442128188538523,0.08283583702168767,0.1,0 days 00:00:00.107398
982,0.8,0.1,knn,0.8,0.09685757306276242,0.07719787918863251,0.1,0 days 00:00:00.147395
983,0.8,0.1,knn,1.0,0.10177275217283803,0.08160906398084247,0.1,0 days 00:00:00.206254
984,0.9,0.0,knn,0.1,0.12150329587295353,0.09726433387723452,0.1,0 days 00:00:00.050231
985,0.9,0.0,knn,0.2,0.09780318534223204,0.07745091667755799,0.1,0 days 00:00:00.052950
986,0.9,0.0,knn,0.4,0.1053482718817861,0.08393137460748168,0.1,0 days 00:00:00.075427
987,0.9,0.0,knn,0.6,0.0981345203933759,0.0790661639454962,0.1,0 days 00:00:00.135769
988,0.9,0.0,knn,0.8,0.0958522183880054,0.07600264430132445,0.1,0 days 00:00:00.193989
989,0.9,0.0,knn,1.0,0.09941089451828043,0.07819829115243981,0.1,0 days 00:00:00.260613
